DATE,CLOSE
1/3/94,72.5
1/4/94,71.85
1/5/94,71.55
1/6/94,72.1
1/7/94,72.5
1/10/94,73.05
1/11/94,71.7
1/12/94,72.95
1/13/94,73.45
1/14/94,73.95
1/17/94,73.7
1/18/94,74.65
1/19/94,72.5
1/20/94,74.65
1/21/94,74.25
1/24/94,74.65
1/25/94,74.5
1/26/94,74.8
1/27/94,74.4
1/28/94,74.6
1/31/94,72.35
2/1/94,72.4
2/2/94,72.95
2/3/94,76.1
2/4/94,76.7
2/7/94,76.9
2/8/94,75.95
2/9/94,76.15
2/10/94,76.15
2/11/94,75.3
2/14/94,75.15
2/15/94,76.5
2/16/94,75.4
2/17/94,76.6
2/18/94,77
2/22/94,76.3
2/23/94,76.35
2/24/94,75.75
2/25/94,75.85
2/28/94,74.6
3/1/94,74.85
3/2/94,74.5
3/3/94,75.65
3/4/94,76
3/7/94,77.25
3/8/94,76.6
3/9/94,77.2
3/10/94,78.1
3/11/94,77.1
3/14/94,79.7
3/15/94,79.5
3/16/94,80.8
3/17/94,80.5
3/18/94,80.85
3/21/94,79.85
3/22/94,82.9
3/23/94,83.25
3/24/94,83.6
3/25/94,82.9
3/28/94,81.65
3/29/94,81.2
3/30/94,81.15
3/31/94,82.2
4/4/94,80.4
4/5/94,80.3
4/6/94,83.05
4/7/94,83.95
4/8/94,83.3
4/11/94,84.2
4/12/94,84.05
4/13/94,83.05
4/14/94,83.55
4/15/94,80.45
4/18/94,81.3
4/19/94,80.85
4/20/94,82.55
4/21/94,83.1
4/22/94,84.25
4/25/94,84.25
4/26/94,84.25
4/28/94,88.05
4/29/94,89.15
5/2/94,89.8
5/3/94,93.95
5/4/94,94.75
5/5/94,100.2
5/6/94,104.2
5/9/94,108.4
5/10/94,108.9
5/11/94,106.65
5/12/94,108.85
5/13/94,115.5
5/16/94,128
5/17/94,121
5/18/94,123.15
5/19/94,132.55
5/20/94,130.9
5/23/94,139.05
5/24/94,133.1
5/25/94,127.75
5/26/94,117.8
5/27/94,121.3
5/31/94,126
6/1/94,123
6/2/94,126.25
6/3/94,124.55
6/6/94,119.25
6/7/94,122.95
6/8/94,127.95
6/9/94,124.85
6/10/94,125.2
6/13/94,138.3
6/14/94,138.45
6/15/94,138.1
6/16/94,133.65
6/17/94,134.7
6/20/94,129.85
6/21/94,131.3
6/22/94,127.4
6/23/94,125.95
6/24/94,125.95
6/27/94,159.75
6/28/94,170.3
6/29/94,188.75
6/30/94,189.75
7/1/94,193.45
7/5/94,184.7
7/6/94,191.75
7/7/94,191.15
7/8/94,187.3
7/11/94,233.75
7/12/94,245.5
7/13/94,245.25
7/14/94,232.75
7/15/94,234.75
7/18/94,237.45
7/19/94,230.45
7/20/94,220.55
7/21/94,229.2
7/22/94,219.4
7/25/94,209.2
7/26/94,208.1
7/27/94,210.95
7/28/94,202.4
7/29/94,202.75
8/1/94,211.6
8/2/94,213.4
8/3/94,210.3
8/4/94,207.8
8/5/94,202.75
8/8/94,178.6
8/9/94,182.3
8/10/94,177.45
8/11/94,184.85
8/12/94,181.1
8/15/94,194
8/16/94,191.95
8/17/94,179.45
8/18/94,182.75
8/19/94,178.1
8/22/94,182.75
8/23/94,191.8
8/24/94,189
8/25/94,191.75
8/26/94,205.85
8/29/94,209
8/30/94,207.75
8/31/94,205.75
9/1/94,206.75
9/2/94,204.25
9/6/94,212.4
9/7/94,210.5
9/8/94,210
9/9/94,211.5
9/12/94,217.5
9/13/94,217
9/14/94,207.15
9/15/94,206.5
9/16/94,216.15
9/19/94,222.25
9/20/94,224.25
9/21/94,231.35
9/22/94,227.55
9/23/94,229.65
9/26/94,226.6
9/27/94,219.95
9/28/94,214.5
9/29/94,216.1
9/30/94,208.85
10/3/94,209.6
10/4/94,214.15
10/5/94,215.05
10/6/94,205.75
10/7/94,192.9
10/10/94,179.75
10/11/94,184.4
10/12/94,190.9
10/13/94,194.6
10/14/94,188.35
10/17/94,203.85
10/18/94,194.9
10/19/94,201.6
10/20/94,202.65
10/21/94,195.55
10/24/94,196.75
10/25/94,195.45
10/26/94,190.8
10/27/94,189.4
10/28/94,189.5
10/31/94,187.4
11/1/94,186.35
11/2/94,178.3
11/3/94,180.7
11/4/94,183
11/7/94,183.8
11/8/94,189
11/9/94,186.9
11/10/94,183.85
11/11/94,183.95
11/14/94,177.15
11/15/94,171.25
11/16/94,176.1
11/17/94,171.3
11/18/94,167.4
11/21/94,158.65
11/22/94,160.35
11/23/94,158.4
11/28/94,160.25
11/29/94,158.5
11/30/94,157.15
12/1/94,158
12/2/94,158
12/5/94,159.5
12/6/94,162
12/7/94,161
12/8/94,162
12/9/94,160.3
12/12/94,163.75
12/13/94,150.75
12/14/94,144.25
12/15/94,147.75
12/16/94,158.5
12/19/94,152.3
12/20/94,161.65
12/21/94,173.75
12/22/94,171.75
12/23/94,172.45
12/27/94,172.4
12/28/94,174.2
12/29/94,173.85
12/30/94,168.85
1/3/95,167.75
1/4/95,168
1/5/95,172.55
1/6/95,174.95
1/9/95,169.1
1/10/95,169
1/11/95,164.7
1/12/95,167.7
1/13/95,169.8
1/16/95,168.45
1/17/95,170.3
1/18/95,174.25
1/19/95,172.35
1/20/95,169.85
1/23/95,169.55
1/24/95,166.6
1/25/95,165.4
1/26/95,167
1/27/95,161.65
1/30/95,157.45
1/31/95,155.5
2/1/95,155.75
2/2/95,158.2
2/3/95,154.35
2/6/95,153.9
2/7/95,154
2/8/95,156.85
2/9/95,158.9
2/10/95,162.75
2/13/95,162.2
2/14/95,164.5
2/15/95,165.25
2/16/95,162.85
2/17/95,169.35
2/21/95,170.1
2/22/95,169.15
2/23/95,169.65
2/24/95,174.55
2/27/95,184.3
2/28/95,181
3/1/95,186.35
3/2/95,182.05
3/3/95,179.85
3/6/95,179.65
3/7/95,179.65
3/8/95,181.15
3/9/95,183.3
3/10/95,186.35
3/13/95,181.5
3/14/95,182.7
3/15/95,178.75
3/16/95,172
3/17/95,168.25
3/20/95,168.3
3/21/95,165.5
3/22/95,169.55
3/23/95,165.65
3/24/95,167.6
3/27/95,167.7
3/28/95,167.5
3/29/95,167.25
3/30/95,164.05
3/31/95,166.3
4/3/95,165.45
4/4/95,165.1
4/5/95,167.45
4/6/95,166.8
4/7/95,167.1
4/10/95,167
4/11/95,165.45
4/12/95,165.65
4/13/95,162.65
4/17/95,164.3
4/18/95,165.75
4/19/95,169.15
4/20/95,169.2
4/21/95,172.85
4/24/95,175.05
4/25/95,174.95
4/26/95,173.65
4/27/95,171.8
4/28/95,170.25
5/1/95,169.5
5/2/95,167.8
5/3/95,172.2
5/4/95,171.5
5/5/95,171
5/8/95,170.6
5/9/95,171.1
5/10/95,171.25
5/11/95,166.65
5/12/95,165
5/15/95,167
5/16/95,164.5
5/17/95,167
5/18/95,165.65
5/19/95,167.1
5/22/95,162.35
5/23/95,155.45
5/24/95,151.05
5/25/95,154.85
5/26/95,152.1
5/30/95,154.05
5/31/95,153.85
6/1/95,158.65
6/2/95,159.6
6/5/95,158.4
6/6/95,156.65
6/7/95,150.15
6/8/95,151.7
6/9/95,152.3
6/12/95,153.6
6/13/95,146.45
6/14/95,147.1
6/15/95,154.25
6/16/95,149.9
6/19/95,147.15
6/20/95,149.55
6/21/95,149.8
6/22/95,151.15
6/23/95,144.15
6/26/95,138.8
6/27/95,138.1
6/28/95,139.2
6/29/95,136.65
6/30/95,130.5
7/5/95,126.25
7/6/95,120.75
7/7/95,131.35
7/10/95,138
7/11/95,136.5
7/12/95,138
7/13/95,139
7/14/95,145
7/17/95,140
7/18/95,139.9
7/19/95,137
7/20/95,142.2
7/21/95,148.3
7/24/95,146.7
7/25/95,147.35
7/26/95,152.3
7/27/95,147.6
7/28/95,143.3
7/31/95,145.7
8/1/95,142
8/2/95,144.4
8/3/95,144.75
8/4/95,144.15
8/7/95,143.75
8/8/95,145.25
8/9/95,144.75
8/10/95,147
8/11/95,146.95
8/14/95,146.25
8/15/95,147.15
8/16/95,147.35
8/17/95,145.45
8/18/95,144.65
8/21/95,147.45
8/22/95,149.5
8/23/95,151.2
8/24/95,150.35
8/25/95,153.6
8/28/95,153.9
8/29/95,153
8/30/95,147
8/31/95,146.4
9/1/95,147.65
9/5/95,145.65
9/6/95,143.5
9/7/95,138.2
9/8/95,137.3
9/11/95,133.35
9/12/95,126.75
9/13/95,127
9/14/95,129
9/15/95,133
9/18/95,124.45
9/19/95,120
9/20/95,122.85
9/21/95,127.7
9/22/95,125.6
9/25/95,116.1
9/26/95,119.8
9/27/95,115.2
9/28/95,115.25
9/29/95,117.25
10/2/95,121.8
10/3/95,121.8
10/4/95,123.15
10/5/95,123.5
10/6/95,118.1
10/9/95,114.05
10/10/95,117.8
10/11/95,119.9
10/12/95,118.65
10/13/95,122.05
10/16/95,125.9
10/17/95,122.2
10/18/95,123.55
10/19/95,125.45
10/20/95,124.95
10/23/95,126.35
10/24/95,124.6
10/25/95,121.75
10/26/95,123.4
10/27/95,122.75
10/30/95,120.55
10/31/95,121.55
11/1/95,122.25
11/2/95,123.9
11/3/95,125.8
11/6/95,125.35
11/7/95,124.95
11/8/95,127.9
11/9/95,126.9
11/10/95,126.75
11/13/95,128.4
11/14/95,124.15
11/15/95,125.45
11/16/95,121.15
11/17/95,120.35
11/20/95,117.8
11/21/95,116.5
11/22/95,114.15
11/27/95,114.9
11/28/95,112.6
11/29/95,112
11/30/95,107.7
12/1/95,107.1
12/4/95,105.95
12/5/95,108.15
12/6/95,105
12/7/95,106.9
12/8/95,104.75
12/11/95,105.9
12/12/95,105.8
12/13/95,107.75
12/14/95,107.2
12/15/95,108.6
12/18/95,100.9
12/19/95,99.5
12/20/95,95.7
12/21/95,96.7
12/22/95,96.35
12/27/95,95.2
12/28/95,93.9
12/29/95,94.9
1/2/96,91.25
1/3/96,93.75
1/4/96,97.85
1/5/96,96.25
1/10/96,97.9
1/11/96,103.05
1/12/96,102.7
1/15/96,98.95
1/16/96,103.9
1/17/96,104.3
1/18/96,105.4
1/19/96,104.65
1/22/96,107.5
1/23/96,107
1/24/96,108.9
1/25/96,111.75
1/26/96,116.95
1/29/96,123.45
1/30/96,119.55
1/31/96,128.6
2/1/96,126.4
2/2/96,123.75
2/5/96,120.65
2/6/96,119.4
2/7/96,118.6
2/8/96,123.7
2/9/96,126.05
2/12/96,121.6
2/13/96,122.8
2/14/96,122.65
2/15/96,124.3
2/16/96,124.2
2/20/96,122.65
2/21/96,124.85
2/22/96,124.2
2/23/96,117.6
2/26/96,115.7
2/27/96,116.3
2/28/96,114.6
2/29/96,117.8
3/1/96,113.5
3/4/96,114.5
3/5/96,116.9
3/6/96,115.8
3/7/96,116.1
3/8/96,114.8
3/11/96,116.75
3/12/96,120
3/13/96,118.85
3/14/96,121.7
3/15/96,124.75
3/18/96,127.2
3/19/96,124.5
3/20/96,117.7
3/21/96,120
3/22/96,119.7
3/25/96,119.2
3/26/96,123.45
3/27/96,121.75
3/28/96,121.4
3/29/96,115.45
4/1/96,114.5
4/2/96,115.85
4/3/96,115.35
4/4/96,115.25
4/8/96,113.55
4/9/96,114.65
4/10/96,118.5
4/11/96,117.1
4/12/96,115.25
4/15/96,114.85
4/16/96,115.6
4/17/96,117.3
4/18/96,118.8
4/19/96,118.15
4/22/96,130.25
4/23/96,127.05
4/24/96,127.45
4/25/96,125.35
4/26/96,127.95
4/29/96,123.25
4/30/96,125.1
5/1/96,128.25
5/2/96,128.25
5/3/96,128.25
5/6/96,126.2
5/7/96,127.65
5/8/96,130
5/9/96,128.3
5/10/96,128.25
5/13/96,127.15
5/14/96,126.95
5/15/96,127.25
5/16/96,129.75
5/17/96,129.8
5/20/96,127
5/21/96,124.2
5/22/96,120.45
5/23/96,117.85
5/24/96,117.65
5/28/96,116.85
5/29/96,117.3
5/30/96,115.85
5/31/96,116.1
6/3/96,112.55
6/4/96,113.4
6/5/96,113.85
6/6/96,113.05
6/7/96,115.35
6/10/96,117.75
6/11/96,117.3
6/12/96,118.8
6/13/96,116.9
6/14/96,117.95
6/17/96,120.7
6/18/96,122.7
6/19/96,121.9
6/20/96,121.45
6/21/96,119.7
6/24/96,122.95
6/25/96,122.7
6/26/96,123.2
6/27/96,124.5
6/28/96,126.95
7/1/96,126.5
7/2/96,125
7/3/96,124.15
7/8/96,126.15
7/9/96,122.05
7/10/96,121
7/11/96,123
7/12/96,120.25
7/15/96,115.45
7/16/96,111.4
7/17/96,116.65
7/18/96,118.85
7/19/96,117.65
7/22/96,104.05
7/23/96,104.3
7/24/96,104.1
7/25/96,102.95
7/26/96,104.05
7/29/96,105.4
7/30/96,105.25
7/31/96,106.4
8/1/96,106.7
8/2/96,107.5
8/5/96,107.9
8/6/96,109.2
8/7/96,109.3
8/8/96,116.1
8/9/96,115.1
8/12/96,116.15
8/13/96,123.15
8/14/96,121.3
8/15/96,121.15
8/16/96,120.85
8/19/96,120.65
8/20/96,122.5
8/21/96,125.05
8/22/96,131.1
8/23/96,132.25
8/26/96,136.45
8/27/96,131.1
8/28/96,127.3
8/29/96,128.1
8/30/96,128.35
9/3/96,125.05
9/4/96,124.2
9/5/96,122.6
9/6/96,124.6
9/9/96,122.5
9/10/96,121.85
9/11/96,117.15
9/12/96,114.85
9/13/96,115.25
9/16/96,116.1
9/17/96,112.2
9/18/96,109.2
9/19/96,103.6
9/20/96,103.6
9/23/96,104.55
9/24/96,106
9/25/96,106.45
9/26/96,105.7
9/27/96,105.25
9/30/96,102.95
10/1/96,104.75
10/2/96,105.4
10/3/96,107.45
10/4/96,109.8
10/7/96,112.7
10/8/96,112.5
10/9/96,113.55
10/10/96,114.9
10/11/96,116.3
10/14/96,115.1
10/15/96,114.2
10/16/96,112.2
10/17/96,109.9
10/18/96,109.1
10/21/96,113
10/22/96,117.6
10/23/96,119.3
10/24/96,117.45
10/25/96,116
10/28/96,119.1
10/29/96,116.35
10/30/96,119.15
10/31/96,117.2
11/1/96,117.25
11/4/96,117.75
11/5/96,118.85
11/6/96,124.3
11/7/96,127.35
11/8/96,125.85
11/11/96,119.95
11/12/96,118.2
11/13/96,118.5
11/14/96,121.6
11/15/96,122.5
11/18/96,119.55
11/19/96,122.25
11/20/96,120.75
11/21/96,117.25
11/22/96,118.25
11/25/96,117.75
11/26/96,117.15
11/27/96,116.25
12/2/96,114.8
12/3/96,114.3
12/4/96,112.8
12/5/96,112.45
12/6/96,111.75
12/9/96,113.1
12/10/96,117.75
12/11/96,119
12/12/96,123.4
12/13/96,129.4
12/16/96,124.5
12/17/96,125.15
12/18/96,111.9
12/19/96,110.2
12/20/96,112.15
12/23/96,113.1
12/24/96,114.75
12/27/96,116.2
12/30/96,115.95
12/31/96,116.9
1/2/97,116.65
1/3/97,116.25
1/6/97,114.05
1/7/97,119.35
1/8/97,118.9
1/9/97,119.35
1/10/97,119.6
1/13/97,118.45
1/14/97,122.2
1/15/97,122.6
1/16/97,123.05
1/17/97,124
1/20/97,129.25
1/21/97,129.65
1/22/97,135.3
1/23/97,140.05
1/24/97,136.9
1/27/97,136.6
1/28/97,139.5
1/29/97,144.6
1/30/97,140.3
1/31/97,139.4
2/3/97,145.65
2/4/97,147.45
2/5/97,144.55
2/6/97,150.8
2/7/97,151.05
2/10/97,158.65
2/11/97,163.55
2/12/97,171.85
2/13/97,180.05
2/14/97,177.85
2/18/97,168.1
2/19/97,175.3
2/20/97,178.45
2/21/97,174.8
2/24/97,173.45
2/25/97,174.15
2/26/97,185.45
2/27/97,183.1
2/28/97,190.4
3/3/97,198.45
3/4/97,211.65
3/5/97,219.75
3/6/97,211.95
3/7/97,205.75
3/10/97,215.5
3/11/97,219
3/12/97,215.65
3/13/97,202
3/14/97,205
3/17/97,197.65
3/18/97,209.6
3/19/97,168.1
3/20/97,169.15
3/21/97,165.75
3/24/97,162.9
3/25/97,179.3
3/26/97,186.85
3/27/97,189.8
3/31/97,191.15
4/1/97,194.3
4/2/97,193.15
4/3/97,177.7
4/4/97,179.15
4/7/97,179.4
4/8/97,178.75
4/9/97,189.7
4/10/97,191.05
4/11/97,189.1
4/14/97,196
4/15/97,192.4
4/16/97,208.05
4/17/97,209.8
4/18/97,216.55
4/21/97,214.9
4/22/97,211.2
4/23/97,214.3
4/24/97,219.75
4/25/97,216.35
4/28/97,220.25
4/29/97,226.4
4/30/97,239.05
5/1/97,252.75
5/2/97,247.55
5/5/97,250.9
5/6/97,249.6
5/7/97,245.65
5/8/97,240
5/9/97,239
5/12/97,245.65
5/13/97,261
5/14/97,261.5
5/15/97,277.05
5/16/97,276.5
5/19/97,255.25
5/20/97,240.25
5/21/97,253.1
5/22/97,260.3
5/23/97,256.85
5/27/97,274.3
5/28/97,295.55
5/29/97,314.8
5/30/97,276.4
6/2/97,253.95
6/3/97,264.2
6/4/97,251.55
6/5/97,230.5
6/6/97,237.25
6/9/97,253.3
6/10/97,217.95
6/11/97,207.65
6/12/97,207.8
6/13/97,195.7
6/16/97,196.5
6/17/97,208.7
6/18/97,190.05
6/19/97,195.9
6/20/97,198.95
6/23/97,194.65
6/24/97,198
6/25/97,200
6/26/97,190.25
6/27/97,189.9
6/30/97,192.4
7/1/97,196.5
7/2/97,196
7/3/97,187.5
7/7/97,185.25
7/8/97,191.5
7/9/97,197
7/10/97,182.5
7/11/97,186
7/14/97,187
7/15/97,184.5
7/16/97,187.25
7/17/97,186.9
7/18/97,192.5
7/21/97,195.7
7/22/97,169.1
7/23/97,181.65
7/24/97,180.4
7/25/97,176.3
7/28/97,188.35
7/29/97,188.9
7/30/97,185.75
7/31/97,184.5
8/1/97,184.95
8/4/97,193.75
8/5/97,203.1
8/6/97,200.55
8/7/97,208.8
8/8/97,205.85
8/11/97,199.35
8/12/97,188.2
8/13/97,183.1
8/14/97,184.55
8/15/97,177.95
8/18/97,180.2
8/19/97,187.1
8/20/97,170.7
8/21/97,171.55
8/22/97,171.3
8/25/97,173
8/26/97,178.15
8/27/97,183.5
8/28/97,186.85
8/29/97,191.5
9/2/97,196.25
9/3/97,201.5
9/4/97,210.5
9/5/97,208.9
9/8/97,207.5
9/9/97,201.25
9/10/97,199
9/11/97,207.5
9/12/97,188.25
9/15/97,187
9/16/97,185.5
9/17/97,194
9/18/97,177.75
9/19/97,174.15
9/22/97,170.35
9/23/97,168.85
9/24/97,168.65
9/25/97,166
9/26/97,165.6
9/29/97,160.75
9/30/97,162.5
10/1/97,162.35
10/2/97,161.05
10/3/97,161.95
10/6/97,169.95
10/7/97,162.15
10/8/97,167
10/9/97,163.75
10/10/97,166.1
10/13/97,167.9
10/14/97,166.4
10/15/97,166.05
10/16/97,157.25
10/17/97,150.3
10/20/97,150.7
10/21/97,150.2
10/22/97,150.2
10/23/97,152.2
10/24/97,152.9
10/27/97,153.6
10/28/97,150.7
10/29/97,150.6
10/30/97,148.15
10/31/97,148.65
11/3/97,144.1
11/4/97,144.3
11/5/97,153.25
11/6/97,146
11/7/97,149.8
11/10/97,156.85
11/11/97,156.25
11/12/97,159.65
11/13/97,164.4
11/14/97,163.4
11/17/97,159.3
11/18/97,164.95
11/19/97,165.95
11/20/97,162.2
11/21/97,161.15
11/24/97,159.45
11/25/97,158.9
11/26/97,161
12/1/97,169.2
12/2/97,175.5
12/3/97,174
12/4/97,175
12/5/97,178.95
12/8/97,178
12/9/97,187.5
12/10/97,188
12/11/97,183.5
12/12/97,183
12/15/97,188.4
12/16/97,168
12/17/97,164.25
12/18/97,165.05
12/19/97,158.65
12/22/97,157.05
12/23/97,162.4
12/24/97,159.8
12/29/97,163.25
12/30/97,164.8
12/31/97,162.45
1/5/98,170.7
1/6/98,161.4
1/7/98,162.1
1/8/98,167.85
1/9/98,162.05
1/12/98,159.7
1/13/98,164.45
1/14/98,164.8
1/15/98,168.2
1/16/98,167.05
1/20/98,178.05
1/21/98,177.5
1/22/98,176.85
1/23/98,178.8
1/26/98,173.35
1/27/98,170.8
1/28/98,175.75
1/29/98,177.1
1/30/98,174.7
2/2/98,178.2
2/3/98,176.75
2/4/98,180.1
2/5/98,181.95
2/6/98,177.55
2/9/98,173.35
2/10/98,168
2/11/98,166.8
2/12/98,168.2
2/13/98,167.4
2/17/98,164.75
2/18/98,171.25
2/19/98,174.15
2/20/98,175.05
2/23/98,179.25
2/24/98,173.55
2/25/98,175
2/26/98,170.8
2/27/98,165.8
3/2/98,162.5
3/3/98,155
3/4/98,154.05
3/5/98,152
3/6/98,148.9
3/9/98,151.65
3/10/98,150.85
3/11/98,154.25
3/12/98,152
3/13/98,149.75
3/16/98,153.4
3/17/98,151.75
3/18/98,149.75
3/19/98,149.1
3/20/98,146.7
3/23/98,148.1
3/24/98,146.4
3/25/98,143.55
3/26/98,146.25
3/27/98,146.45
3/30/98,146
3/31/98,146.25
4/1/98,143.75
4/2/98,144.3
4/3/98,140.55
4/6/98,141.65
4/7/98,142
4/8/98,144.55
4/9/98,146.3
4/13/98,153.4
4/14/98,153.9
4/15/98,152.05
4/16/98,151.05
4/17/98,150.6
4/20/98,150.5
4/21/98,147.8
4/22/98,148
4/23/98,138.6
4/24/98,136.15
4/27/98,134.4
4/28/98,135.15
4/29/98,134
4/30/98,134.5
5/1/98,128.75
5/4/98,128.9
5/5/98,134
5/6/98,129
5/7/98,129.5
5/8/98,129.5
5/11/98,129.5
5/12/98,128
5/13/98,126.55
5/14/98,130.25
5/15/98,128.5
5/18/98,129.75
5/19/98,135.5
5/20/98,136
5/21/98,134.2
5/22/98,136.4
5/26/98,131.1
5/27/98,130.15
5/28/98,132.4
5/29/98,132.5
6/1/98,124.15
6/2/98,124.85
6/3/98,125.25
6/4/98,125.2
6/5/98,125.6
6/8/98,119.85
6/9/98,121.55
6/10/98,122.45
6/11/98,124.05
6/12/98,121.75
6/15/98,119.95
6/16/98,116.95
6/17/98,118.05
6/18/98,117.95
6/19/98,113.75
6/22/98,112.35
6/23/98,112.15
6/24/98,111.6
6/25/98,114.75
6/26/98,113.1
6/29/98,112.3
6/30/98,111.25
7/1/98,112.45
7/2/98,110.75
7/6/98,113
7/7/98,112.35
7/8/98,114.9
7/9/98,114.75
7/10/98,113
7/13/98,110.25
7/14/98,110.9
7/15/98,109
7/16/98,110
7/17/98,110
7/20/98,112
7/21/98,113.5
7/22/98,114.8
7/23/98,113.95
7/24/98,111.7
7/27/98,112.1
7/28/98,115.55
7/29/98,118.4
7/30/98,123.45
7/31/98,129.2
8/3/98,130.9
8/4/98,129
8/5/98,130.5
8/6/98,132
8/7/98,135.2
8/10/98,134.2
8/11/98,124.45
8/12/98,119.05
8/13/98,116.85
8/14/98,111.6
8/17/98,110.95
8/18/98,116.3
8/19/98,117.85
8/20/98,113.95
8/21/98,115.4
8/24/98,117.5
8/25/98,123.8
8/26/98,120.25
8/27/98,120.6
8/28/98,122.5
8/31/98,121
9/1/98,118.7
9/2/98,119
9/3/98,118.25
9/4/98,118.9
9/8/98,122.05
9/9/98,119.5
9/10/98,117
9/11/98,110.95
9/14/98,107
9/15/98,111.3
9/16/98,111.25
9/17/98,108
9/18/98,104.5
9/21/98,101.95
9/22/98,102.85
9/23/98,103.05
9/24/98,104
9/25/98,104.65
9/28/98,108.35
9/29/98,105.7
9/30/98,105.15
10/1/98,102.7
10/2/98,103.45
10/5/98,103.8
10/6/98,105.5
10/7/98,107.35
10/8/98,111.45
10/9/98,108.5
10/12/98,103.4
10/13/98,104.15
10/14/98,104.7
10/15/98,106.85
10/16/98,104.5
10/19/98,106.75
10/20/98,103.95
10/21/98,105.35
10/22/98,106.75
10/23/98,106.85
10/26/98,110.3
10/27/98,105.35
10/28/98,106.4
10/29/98,107.4
10/30/98,110
11/2/98,119.7
11/3/98,128.95
11/4/98,124.65
11/5/98,124.35
11/6/98,122.95
11/9/98,119.65
11/10/98,116.85
11/11/98,115.6
11/12/98,113.35
11/13/98,112.55
11/16/98,114
11/17/98,112.35
11/18/98,110.6
11/19/98,110.95
11/20/98,110.5
11/23/98,108.35
11/24/98,110
11/25/98,113.15
11/30/98,112.3
12/1/98,111.25
12/2/98,113.35
12/3/98,115.8
12/4/98,113.65
12/7/98,113.25
12/8/98,114
12/9/98,112.25
12/10/98,115
12/11/98,115.6
12/14/98,117.85
12/15/98,119.75
12/16/98,119.5
12/17/98,118.5
12/18/98,116.75
12/21/98,115.45
12/22/98,116.05
12/23/98,117.75
12/24/98,114.1
12/28/98,115.1
12/29/98,116.8
12/30/98,117.15
12/31/98,117.75
1/4/99,122.6
1/5/99,119
1/6/99,117.5
1/7/99,118.65
1/8/99,119.65
1/11/99,119.95
1/12/99,117.15
1/13/99,120.3
1/14/99,118.3
1/15/99,115.55
1/19/99,106.55
1/20/99,106.55
1/21/99,106
1/22/99,105.5
1/25/99,105.8
1/26/99,106.85
1/27/99,103.8
1/28/99,103.4
1/29/99,103.9
2/1/99,105.55
2/2/99,106.45
2/3/99,105.5
2/4/99,103.9
2/5/99,104.4
2/8/99,104
2/9/99,103
2/10/99,103.5
2/11/99,106.75
2/12/99,105.9
2/16/99,100.95
2/17/99,102.55
2/18/99,103.35
2/19/99,103.25
2/22/99,102.8
2/23/99,105.9
2/24/99,106
2/25/99,103.35
2/26/99,102.7
3/1/99,102.85
3/2/99,103.4
3/3/99,100
3/4/99,101.7
3/5/99,105.25
3/8/99,103.1
3/9/99,104.4
3/10/99,104.5
3/11/99,105.6
3/12/99,104.25
3/15/99,102.9
3/16/99,105.05
3/17/99,106.9
3/18/99,102.55
3/19/99,101.5
3/22/99,
3/23/99,100.95
3/24/99,101.9
3/25/99,104.2
3/26/99,109.2
3/29/99,112.8
3/30/99,112.1
3/31/99,109.7
4/1/99,110.05
4/5/99,107.3
4/6/99,106.4
4/7/99,102.6
4/8/99,97.7
4/9/99,98.95
4/12/99,97.5
4/13/99,97.55
4/14/99,98.9
4/15/99,98.45
4/16/99,99.5
4/19/99,102.1
4/20/99,100
4/21/99,99.4
4/22/99,96.95
4/23/99,97.5
4/26/99,99.25
4/27/99,100.2
4/28/99,100.4
4/29/99,104
4/30/99,103.8
5/3/99,102.55
5/4/99,101.5
5/5/99,103.5
5/6/99,102.9
5/7/99,102.35
5/10/99,105
5/11/99,107.2
5/12/99,106.15
5/13/99,103.65
5/14/99,107.35
5/17/99,108.5
5/18/99,109.9
5/19/99,123
5/20/99,120
5/21/99,119.1
5/24/99,119.4
5/25/99,119.35
5/26/99,124.9
5/27/99,123.05
5/28/99,121.6
6/1/99,120.85
6/2/99,121.5
6/3/99,123.05
6/4/99,120
6/7/99,112
6/8/99,105.7
6/9/99,106.4
6/10/99,105.55
6/11/99,105.8
6/14/99,104.3
6/15/99,103.95
6/16/99,105.3
6/17/99,105.35
6/18/99,105.9
6/21/99,103.5
6/22/99,105.55
6/23/99,105.3
6/24/99,103.25
6/25/99,101
6/28/99,100.25
6/29/99,101.3
6/30/99,101.4
7/1/99,100.15
7/2/99,97.95
7/6/99,92.05
7/7/99,93.75
7/8/99,96.15
7/9/99,97.5
7/12/99,92.55
7/13/99,93.65
7/14/99,95.65
7/15/99,93.85
7/16/99,92.7
7/19/99,94.75
7/20/99,94.35
7/21/99,
7/22/99,98.1
7/23/99,94.8
7/26/99,96.05
7/27/99,97.6
7/28/99,96.1
7/29/99,95.1
7/30/99,91.1
8/2/99,93.75
8/3/99,93.5
8/4/99,93.75
8/5/99,94.15
8/6/99,92.9
8/9/99,94.25
8/10/99,93.75
8/11/99,96.7
8/12/99,93.75
8/13/99,98.6
8/16/99,89.75
8/17/99,90.35
8/18/99,90
8/19/99,88.8
8/20/99,88.35
8/23/99,89.65
8/24/99,88.8
8/25/99,89.35
8/26/99,88
8/27/99,88
8/30/99,84.8
8/31/99,86.25
9/1/99,91
9/2/99,90.45
9/3/99,88.9
9/7/99,87.25
9/8/99,87.9
9/9/99,84.15
9/10/99,81.75
9/13/99,82.3
9/14/99,82.9
9/15/99,81.1
9/16/99,81.5
9/17/99,80.8
9/20/99,80.3
9/21/99,
9/22/99,81.8
9/23/99,83.2
9/24/99,84.05
9/27/99,84.4
9/28/99,84.95
9/29/99,86.7
9/30/99,82.45
10/1/99,81.35
10/4/99,82.85
10/5/99,85.05
10/6/99,85.5
10/7/99,85.3
10/8/99,85.1
10/11/99,90.95
10/12/99,96.55
10/13/99,119.35
10/14/99,107.1
10/15/99,108.4
10/18/99,95.6
10/19/99,97.65
10/20/99,95.4
10/21/99,90.6
10/22/99,92.9
10/25/99,99.75
10/26/99,95.3
10/27/99,95.65
10/28/99,96.7
10/29/99,100.2
11/1/99,110.35
11/2/99,103.85
11/3/99,105.15
11/4/99,105.95
11/5/99,104.95
11/8/99,110.9
11/9/99,113.4
11/10/99,112
11/11/99,116.55
11/12/99,122.5
11/15/99,128.8
11/16/99,125.5
11/17/99,125.05
11/18/99,111.95
11/19/99,110
11/22/99,110.3
11/23/99,107.1
11/24/99,106.75
11/29/99,114.25
11/30/99,130.35
12/1/99,127.25
12/2/99,134
12/3/99,141.8
12/6/99,131.35
12/7/99,130.4
12/8/99,125.4
12/9/99,120
12/10/99,123.5
12/13/99,121.15
12/14/99,120
12/15/99,125.85
12/16/99,128.25
12/17/99,128.65
12/20/99,135.3
12/21/99,120.7
12/22/99,117.65
12/23/99,121.25
12/27/99,122.15
12/28/99,119
12/29/99,120
12/30/99,125.9
1/3/00,116.5
1/4/00,116.25
1/5/00,118.6
1/6/00,116.85
1/7/00,114.15
1/10/00,117.55
1/11/00,117.8
1/12/00,118.95
1/13/00,118.55
1/14/00,112.55
1/18/00,115.75
1/19/00,116.7
1/20/00,112
1/21/00,111.2
1/24/00,111.9
1/25/00,112.85
1/26/00,115.15
1/27/00,114.6
1/28/00,114.7
1/31/00,111.1
2/1/00,111.65
2/2/00,112.25
2/3/00,112.95
2/4/00,112.9
2/7/00,111.7
2/8/00,108.55
2/9/00,107.7
2/10/00,108.75
2/11/00,108.8
2/14/00,105
2/15/00,105.8
2/16/00,104.95
2/17/00,105.35
2/18/00,104.3
2/22/00,103.2
2/23/00,103.6
2/24/00,101.75
2/25/00,98.8
2/28/00,101.65
2/29/00,99.9
3/1/00,101.15
3/2/00,105.1
3/3/00,104.35
3/6/00,106.3
3/7/00,108.4
3/8/00,107.4
3/9/00,107.2
3/10/00,106.1
3/13/00,106
3/14/00,102.55
3/15/00,103
3/16/00,106.35
3/17/00,106.1
3/20/00,103.1
3/21/00,103.75
3/22/00,105.35
3/23/00,102.1
3/24/00,103.15
3/27/00,103.15
3/28/00,104.5
3/29/00,103.9
3/30/00,103.5
3/31/00,103.7
4/3/00,102.1
4/4/00,100.1
4/5/00,101.8
4/6/00,100.85
4/7/00,99.6
4/10/00,96.65
4/11/00,96.55
4/12/00,94.2
4/13/00,94.7
4/14/00,92.65
4/17/00,92.8
4/18/00,94.05
4/19/00,95.7
4/20/00,97.75
4/24/00,94.25
4/25/00,95.6
4/26/00,94.75
4/27/00,94.85
4/28/00,95.3
5/1/00,100.3
5/2/00,99.1
5/3/00,94.45
5/4/00,96.85
5/5/00,96.85
5/8/00,97.15
5/9/00,97.45
5/10/00,97.25
5/11/00,95.9
5/12/00,91.8
5/15/00,91.25
5/16/00,92.25
5/17/00,91.8
5/18/00,91.5
5/19/00,95.35
5/22/00,103.3
5/23/00,103.7
5/24/00,101.85
5/25/00,99.25
5/26/00,99.2
5/30/00,100.4
5/31/00,93
6/1/00,94.45
6/2/00,95.55
6/5/00,93.35
6/6/00,89.15
6/7/00,92.05
6/8/00,92.55
6/9/00,91.85
6/12/00,91.15
6/13/00,90.8
6/14/00,89.85
6/15/00,88.15
6/16/00,87.25
6/19/00,87.2
6/20/00,87.25
6/21/00,84.45
6/22/00,86.15
6/23/00,87.05
6/26/00,87.15
6/27/00,88.5
6/28/00,87.65
6/29/00,86.4
6/30/00,84.85
7/5/00,85.4
7/6/00,82.85
7/7/00,80.8
7/10/00,84
7/11/00,90.1
7/12/00,89.7
7/13/00,99.2
7/14/00,89.15
7/17/00,98.65
7/18/00,116.5
7/19/00,111.15
7/20/00,97.75
7/21/00,96.65
7/24/00,86.3
7/25/00,85.2
7/26/00,86.95
7/27/00,86.1
7/28/00,87.4
7/31/00,86.45
8/1/00,86.3
8/2/00,86.45
8/3/00,85.85
8/4/00,85.6
8/7/00,85.4
8/8/00,83.7
8/9/00,79.5
8/10/00,79.6
8/11/00,80.65
8/14/00,78.8
8/15/00,78.6
8/16/00,78.3
8/17/00,78.55
8/18/00,78.4
8/21/00,77.5
8/22/00,77.1
8/23/00,74.6
8/24/00,77.8
8/25/00,77.75
8/28/00,75.2
8/29/00,74.7
8/30/00,73.9
8/31/00,74.5
9/1/00,75
9/5/00,73.1
9/6/00,75.25
9/7/00,78
9/8/00,77.4
9/11/00,77.75
9/12/00,78.65
9/13/00,79.55
9/14/00,77.2
9/15/00,76.25
9/18/00,77.4
9/19/00,77.2
9/20/00,79.15
9/21/00,77.8
9/22/00,78
9/25/00,79.05
9/26/00,81.75
9/27/00,78.95
9/28/00,79.85
9/29/00,83
10/2/00,79.35
10/3/00,79.4
10/4/00,79.35
10/5/00,78.7
10/6/00,79.45
10/9/00,79.95
10/10/00,80.75
10/11/00,83.15
10/12/00,81.3
10/13/00,81.05
10/16/00,85.65
10/17/00,88.7
10/18/00,88.25
10/19/00,86.7
10/20/00,84.15
10/23/00,78.45
10/24/00,79.25
10/25/00,78.05
10/26/00,75.4
10/27/00,75.6
10/30/00,73.5
10/31/00,74.4
11/1/00,73.9
11/2/00,74.25
11/3/00,73.6
11/6/00,74.7
11/7/00,74.6
11/8/00,75.3
11/9/00,74
11/10/00,74.15
11/13/00,71.45
11/14/00,71.4
11/15/00,70.3
11/16/00,68.85
11/17/00,68.55
11/20/00,70.35
11/21/00,68.55
11/22/00,68.3
11/27/00,68
11/28/00,69.5
11/29/00,70.1
11/30/00,67.2
12/1/00,67
12/4/00,67.3
12/5/00,66.5
12/6/00,66.15
12/7/00,66.35
12/8/00,63.65
12/11/00,64.1
12/12/00,64.2
12/13/00,63.75
12/14/00,61.55
12/15/00,62.9
12/18/00,62.7
12/19/00,65.05
12/20/00,65.45
12/21/00,66.55
12/22/00,65.4
12/26/00,67.3
12/27/00,66.4
12/28/00,67.35
12/29/00,65.55
1/2/01,63.4
1/3/01,63.45
1/4/01,63.35
1/5/01,64.35
1/8/01,63.85
1/9/01,63.8
1/10/01,63.35
1/11/01,63.6
1/12/01,65
1/16/01,67.4
1/17/01,70.2
1/18/01,66.75
1/19/01,68.3
1/22/01,71.25
1/23/01,69.85
1/24/01,70.05
1/25/01,67.85
1/26/01,67.1
1/29/01,65.4
1/30/01,64.2
1/31/01,63.75
2/1/01,64.7
2/2/01,63.2
2/5/01,62.7
2/6/01,62.2
2/7/01,61.75
2/8/01,62
2/9/01,62.65
2/12/01,62.3
2/13/01,62.8
2/14/01,62.8
2/15/01,61.5
2/16/01,59.8
2/20/01,62.75
2/21/01,63.15
2/22/01,62.85
2/23/01,64.95
2/26/01,63.9
2/27/01,64.4
2/28/01,63.9
3/1/01,62.75
3/2/01,63.3
3/5/01,63.7
3/6/01,65
3/7/01,65.8
3/8/01,64.15
3/9/01,61.7
3/12/01,62.05
3/13/01,60.95
3/14/01,61
3/15/01,59.1
3/16/01,59
3/19/01,59.9
3/20/01,60.05
3/21/01,61.15
3/22/01,60.2
3/23/01,60.1
3/26/01,61.85
3/27/01,61.05
3/28/01,61.15
3/29/01,61.75
3/30/01,60.3
4/2/01,59.5
4/3/01,58.7
4/4/01,59.25
4/5/01,59.1
4/6/01,58.1
4/9/01,57.6
4/10/01,57.35
4/11/01,57.35
4/12/01,57.6
4/16/01,56.65
4/17/01,56.2
4/18/01,58.65
4/19/01,57.55
4/20/01,57.15
4/23/01,61.75
4/24/01,58.6
4/25/01,57.8
4/26/01,58.5
4/27/01,60.95
4/30/01,61.85
5/1/01,64.5
5/2/01,63.2
5/3/01,64.6
5/4/01,63.65
5/7/01,66
5/8/01,66.4
5/9/01,65.55
5/10/01,65.8
5/11/01,64.95
5/14/01,62
5/15/01,62.35
5/16/01,62.75
5/17/01,62.75
5/18/01,63.8
5/21/01,64.9
5/22/01,65.05
5/23/01,63.55
5/24/01,62.8
5/25/01,59.9
5/29/01,59.8
5/30/01,59.15
5/31/01,57.15
6/1/01,57.9
6/4/01,59.45
6/5/01,59.7
6/6/01,58.4
6/7/01,57.7
6/8/01,58.15
6/11/01,57
6/12/01,57.65
6/13/01,57.75
6/14/01,58.85
6/15/01,59.4
6/18/01,60.95
6/19/01,57.55
6/20/01,55.2
6/21/01,57.5
6/22/01,55.9
6/25/01,55.3
6/26/01,55.5
6/27/01,55.25
6/28/01,55.5
6/29/01,56.1
7/2/01,54.9
7/3/01,55
7/5/01,54
7/6/01,53.85
7/9/01,52.95
7/10/01,52.5
7/11/01,52.5
7/12/01,52.1
7/13/01,52.05
7/16/01,52.25
7/17/01,52
7/18/01,52.85
7/19/01,52.2
7/20/01,53.75
7/23/01,53.95
7/24/01,55.2
7/25/01,52.65
7/26/01,51.4
7/27/01,51.3
7/30/01,51.85
7/31/01,51.95
8/1/01,51.25
8/2/01,50.45
8/3/01,50.4
8/6/01,49.85
8/7/01,49.7
8/8/01,49.65
8/9/01,50.1
8/10/01,48.4
8/13/01,49.35
8/14/01,49.45
8/15/01,49.2
8/16/01,49.15
8/17/01,54.35
8/20/01,50
8/21/01,50.35
8/22/01,50.8
8/23/01,52.3
8/24/01,50.95
8/27/01,51
8/28/01,51.15
8/29/01,51.7
8/30/01,50.8
8/31/01,50.5
9/4/01,47.5
9/5/01,48.5
9/6/01,48.65
9/7/01,48.5
9/10/01,48.35
9/17/01,48.3
9/18/01,48
9/19/01,47.4
9/20/01,46.25
9/21/01,49.05
9/24/01,49.1
9/25/01,48.9
9/26/01,49.15
9/27/01,49.15
9/28/01,48.3
10/1/01,47.4
10/2/01,46.75
10/3/01,46
10/4/01,46.5
10/5/01,46.65
10/8/01,45.9
10/9/01,45.35
10/10/01,45.35
10/11/01,44.65
10/12/01,44.7
10/15/01,43.85
10/16/01,43.9
10/17/01,44.75
10/18/01,45.6
10/19/01,43.85
10/22/01,42.5
10/23/01,43.55
10/24/01,43.3
10/25/01,44.3
10/26/01,43.4
10/29/01,43.65
10/30/01,43.35
10/31/01,43.9
11/1/01,45.2
11/2/01,45.4
11/5/01,46.85
11/6/01,48
11/7/01,47.3
11/8/01,45.75
11/9/01,44.7
11/12/01,44.7
11/13/01,44.85
11/14/01,49.7
11/15/01,48.4
11/16/01,48.65
11/19/01,45.95
11/20/01,46.15
11/21/01,46.4
11/26/01,45.75
11/27/01,42.4
11/28/01,42.4
11/29/01,42
11/30/01,42.6
12/3/01,42.2
12/4/01,41.5
12/5/01,42.1
12/6/01,42
12/7/01,43
12/10/01,43.5
12/11/01,43.9
12/12/01,44.35
12/13/01,44.15
12/14/01,43.8
12/17/01,46.35
12/18/01,46.1
12/19/01,46.9
12/20/01,49.6
12/21/01,46.65
12/27/01,46.5
12/28/01,46.2
1/2/02,47.35
1/3/02,47.5
1/4/02,48.55
1/7/02,48.25
1/8/02,48.55
1/9/02,50.85
1/10/02,51.3
1/11/02,49.55
1/14/02,50.4
1/15/02,50.25
1/16/02,49.25
1/17/02,48.85
1/18/02,47.4
1/22/02,46.8
1/23/02,46.75
1/24/02,46.45
1/25/02,45.9
1/28/02,45.05
1/29/02,44.7
1/30/02,45.15
1/31/02,45.1
2/1/02,45.45
2/4/02,45.5
2/5/02,44.85
2/6/02,45.1
2/7/02,44.8
2/8/02,44.55
2/11/02,43.1
2/12/02,43
2/13/02,43.4
2/14/02,43.75
2/15/02,44.1
2/19/02,43.8
2/20/02,47.05
2/21/02,49
2/22/02,48
2/25/02,47.05
2/26/02,45.85
2/27/02,44.65
2/28/02,44.75
3/1/02,45.85
3/4/02,45.75
3/5/02,46.8
3/6/02,48.25
3/7/02,47.4
3/8/02,48.45
3/11/02,52.85
3/12/02,55.4
3/13/02,54.4
3/14/02,54.3
3/15/02,54.75
3/18/02,50.6
3/19/02,53.35
3/20/02,56
3/21/02,53.95
3/22/02,54.3
3/25/02,54.45
3/26/02,55.05
3/27/02,55.95
3/28/02,57.2
4/1/02,58.5
4/2/02,59.35
4/3/02,59.45
4/4/02,56.8
4/5/02,55
4/8/02,54.05
4/9/02,56.1
4/10/02,56.05
4/11/02,54.95
4/12/02,53.2
4/15/02,53.15
4/16/02,53
4/17/02,53.5
4/18/02,55.75
4/19/02,53.05
4/22/02,53.85
4/23/02,54.4
4/24/02,52.85
4/25/02,50.5
4/26/02,49.7
4/29/02,49.4
4/30/02,50.7
5/1/02,49.5
5/2/02,48.85
5/3/02,49
5/6/02,48.8
5/7/02,49
5/8/02,48.4
5/9/02,47.3
5/10/02,47.5
5/13/02,46.75
5/14/02,47.5
5/15/02,47.45
5/16/02,48.4
5/17/02,48.4
5/20/02,49.3
5/21/02,52.7
5/22/02,50.7
5/23/02,50.7
5/24/02,51.4
5/28/02,50.6
5/29/02,51.65
5/30/02,51.6
5/31/02,51.9
6/3/02,51.2
6/4/02,50.85
6/5/02,50.15
6/6/02,50.25
6/7/02,49.15
6/10/02,49.5
6/11/02,49.35
6/12/02,48.9
6/13/02,47.2
6/14/02,46.45
6/17/02,47.1
6/18/02,46.5
6/19/02,46.45
6/20/02,47.8
6/21/02,47.1
6/24/02,47.9
6/25/02,47.2
6/26/02,46
6/27/02,46.85
6/28/02,46.5
7/1/02,47.8
7/2/02,49.9
7/3/02,48.15
7/8/02,48.5
7/9/02,49.3
7/10/02,50
7/11/02,51.9
7/12/02,49.85
7/15/02,49
7/16/02,49.3
7/17/02,49.75
7/18/02,47.6
7/19/02,47.35
7/22/02,48.45
7/23/02,48.8
7/24/02,47.8
7/25/02,48.35
7/26/02,48.4
7/29/02,47.25
7/30/02,47.05
7/31/02,46.8
8/1/02,47.5
8/2/02,48.1
8/5/02,47.15
8/6/02,47.35
8/7/02,47.35
8/8/02,47.9
8/9/02,47.55
8/12/02,48.45
8/13/02,47.9
8/14/02,48.2
8/15/02,46.5
8/16/02,46.9
8/19/02,46.45
8/20/02,47
8/21/02,46.7
8/22/02,48.25
8/23/02,49.2
8/26/02,48.35
8/27/02,48.6
8/28/02,50.8
8/29/02,50.75
8/30/02,51.5
9/3/02,54.25
9/4/02,55.95
9/5/02,55
9/6/02,55.5
9/9/02,59.3
9/10/02,58.25
9/11/02,57.5
9/12/02,58.75
9/13/02,59.8
9/16/02,61.35
9/17/02,61
9/18/02,59
9/19/02,58.45
9/20/02,56.05
9/23/02,54.65
9/24/02,54.85
9/25/02,56.15
9/26/02,55.2
9/27/02,55.65
9/30/02,54.5
10/1/02,56.55
10/2/02,56.95
10/3/02,56.45
10/4/02,56
10/7/02,57.75
10/8/02,58.25
10/9/02,58.8
10/10/02,57.4
10/11/02,57.35
10/14/02,62.8
10/15/02,69.7
10/16/02,67.1
10/17/02,66.3
10/18/02,62.6
10/21/02,65.3
10/22/02,64.1
10/23/02,64.3
10/24/02,67.5
10/25/02,68.55
10/28/02,64.7
10/29/02,62.9
10/30/02,63
10/31/02,65.95
11/1/02,64
11/4/02,65.25
11/5/02,65.9
11/6/02,66.15
11/7/02,66.55
11/8/02,67.85
11/11/02,66.1
11/12/02,63.75
11/13/02,64
11/14/02,64.25
11/15/02,66.4
11/18/02,64.75
11/19/02,66.75
11/20/02,68.1
11/21/02,67.3
11/22/02,66.8
11/25/02,65.25
11/26/02,66
11/27/02,66.6
12/2/02,68.8
12/3/02,66.85
12/4/02,65.8
12/5/02,66.9
12/6/02,63.4
12/9/02,62.2
12/10/02,61.9
12/11/02,58.25
12/12/02,58.05
12/13/02,56.85
12/16/02,58
12/17/02,58.9
12/18/02,62.6
12/19/02,61.55
12/20/02,62.2
12/23/02,61.45
12/24/02,61.1
12/27/02,61.35
12/30/02,61.35
12/31/02,60.2
1/2/03,61.65
1/3/03,61.25
1/6/03,63.25
1/7/03,63.5
1/8/03,62.85
1/9/03,62.7
1/10/03,65.05
1/13/03,64.9
1/14/03,64.9
1/15/03,65.95
1/16/03,65.85
1/17/03,66.25
1/21/03,66.4
1/22/03,68.15
1/23/03,68.2
1/24/03,67.65
1/27/03,65.65
1/28/03,65.15
1/29/03,63.75
1/30/03,63.95
1/31/03,65.3
2/3/03,66.15
2/4/03,65.05
2/5/03,64.25
2/6/03,65.65
2/7/03,65.8
2/10/03,66.8
2/11/03,66.1
2/12/03,64.8
2/13/03,61.7
2/14/03,62.65
2/19/03,61.15
2/20/03,62.25
2/21/03,61.6
2/24/03,60
2/25/03,58.7
2/26/03,57.95
2/27/03,58.35
2/28/03,56.85
3/3/03,57.5
3/4/03,57
3/5/03,58.3
3/6/03,58.35
3/7/03,58.65
3/10/03,59.15
3/11/03,57.35
3/12/03,56.85
3/13/03,57.3
3/14/03,57.7
3/17/03,55.5
3/18/03,56.6
3/19/03,57.2
3/20/03,60.7
3/21/03,61.3
3/24/03,59.85
3/25/03,58.05
3/26/03,57.95
3/27/03,57.15
3/28/03,58.25
3/31/03,58.65
4/1/03,58.3
4/2/03,60.15
4/3/03,61.4
4/4/03,60.8
4/7/03,62.25
4/8/03,61.2
4/9/03,60.8
4/10/03,60.45
4/11/03,60.45
4/14/03,57.9
4/15/03,59.2
4/16/03,59.7
4/17/03,62.45
4/21/03,63.35
4/22/03,64.8
4/23/03,64.35
4/24/03,64.05
4/25/03,63.75
4/28/03,63.05
4/29/03,65.4
4/30/03,68.25
5/1/03,68.15
5/2/03,67
5/5/03,67.4
5/6/03,68.7
5/7/03,67.85
5/8/03,68
5/9/03,67.7
5/12/03,67.75
5/13/03,67
5/14/03,65.05
5/15/03,64.45
5/16/03,64.7
5/19/03,63.8
5/20/03,67.15
5/21/03,66.05
5/22/03,66.35
5/23/03,65.65
5/27/03,61.15
5/28/03,60.55
5/29/03,59.3
5/30/03,58.35
6/2/03,60
6/3/03,59.6
6/4/03,59.3
6/5/03,59.05
6/6/03,59.4
6/9/03,58.9
6/10/03,60.3
6/11/03,61.25
6/12/03,61.35
6/13/03,60.5
6/16/03,60.1
6/17/03,59.65
6/18/03,58.5
6/19/03,56.55
6/20/03,56.05
6/23/03,56.3
6/24/03,57.45
6/25/03,56.1
6/26/03,58
6/27/03,58.4
6/30/03,58.9
7/1/03,58.8
7/2/03,61.5
7/3/03,60.5
7/7/03,60.15
7/8/03,60.75
7/9/03,61.6
7/10/03,60
7/11/03,60.2
7/14/03,61.3
7/15/03,61
7/16/03,61.7
7/17/03,62.3
7/18/03,62.3
7/21/03,59.15
7/22/03,59.5
7/23/03,59.4
7/24/03,59
7/25/03,60.85
7/28/03,61.35
7/29/03,62.95
7/30/03,62.75
7/31/03,63.45
8/1/03,65.05
8/4/03,65
8/5/03,63.25
8/6/03,63.9
8/7/03,64.45
8/8/03,63.7
8/11/03,61.1
8/12/03,60.45
8/13/03,61.75
8/14/03,60.45
8/15/03,60.1
8/18/03,59.45
8/19/03,59.2
8/20/03,59.1
8/21/03,61.1
8/22/03,60.3
8/25/03,60.7
8/26/03,60.3
8/27/03,60.1
8/28/03,60.9
8/29/03,61.45
9/2/03,61.9
9/3/03,61.75
9/4/03,63.15
9/5/03,64.55
9/8/03,68.5
9/9/03,69.2
9/10/03,69.1
9/11/03,70.35
9/12/03,68.45
9/15/03,64.05
9/16/03,60.5
9/17/03,61.7
9/18/03,60.6
9/19/03,63
9/22/03,64.75
9/23/03,64.2
9/24/03,65.35
9/25/03,65.05
9/26/03,63.35
9/29/03,63.4
9/30/03,62.9
10/1/03,65.15
10/2/03,64.5
10/3/03,65.1
10/6/03,63.2
10/7/03,63.3
10/8/03,62.65
10/9/03,62.2
10/10/03,61.2
10/13/03,60.55
10/14/03,61.45
10/15/03,61.05
10/16/03,61.4
10/17/03,60.5
10/20/03,61.6
10/21/03,62.45
10/22/03,61.85
10/23/03,62.5
10/24/03,63.1
10/27/03,64.55
10/28/03,64.55
10/29/03,61.3
10/30/03,59.7
10/31/03,58.65
11/3/03,58.65
11/4/03,59.75
11/5/03,59.45
11/6/03,59.7
11/7/03,60.35
11/10/03,59.1
11/11/03,59.3
11/12/03,59
11/13/03,60.15
11/14/03,59.5
11/17/03,59.25
11/18/03,59.6
11/19/03,59.6
11/20/03,57.65
11/21/03,56.65
11/24/03,57.25
11/25/03,57.5
11/26/03,57.75
12/1/03,59.6
12/2/03,62
12/3/03,62.5
12/4/03,60.95
12/5/03,61.9
12/8/03,63.85
12/9/03,63.5
12/10/03,63
12/11/03,62
12/12/03,63
12/15/03,59.9
12/16/03,60
12/17/03,61.15
12/18/03,63.15
12/19/03,64.3
12/22/03,64.1
12/23/03,63.85
12/24/03,63.25
12/29/03,63.95
12/30/03,63.65
12/31/03,64.95
1/5/04,68.6
1/6/04,70.05
1/7/04,68.85
1/8/04,68.35
1/9/04,68.8
1/12/04,70.8
1/13/04,69.95
1/14/04,69.35
1/15/04,69.55
1/16/04,71.15
1/20/04,74.7
1/21/04,73.95
1/22/04,75.3
1/23/04,74.45
1/26/04,77.35
1/27/04,78.65
1/28/04,76.75
1/29/04,75.2
1/30/04,75.5
2/2/04,74.95
2/3/04,74.65
2/4/04,72.6
2/5/04,72.6
2/6/04,71.8
2/9/04,71.5
2/10/04,74.15
2/11/04,74.35
2/12/04,75.15
2/13/04,74
2/17/04,74.3
2/18/04,70.35
2/19/04,70.65
2/20/04,70.3
2/23/04,69.75
2/24/04,73.1
2/25/04,72.45
2/26/04,74.6
2/27/04,75.05
3/1/04,74.4
3/2/04,73.7
3/3/04,71.8
3/4/04,72.6
3/5/04,73.05
3/8/04,73.6
3/9/04,72.1
3/10/04,73.15
3/11/04,74.75
3/12/04,74.65
3/15/04,76
3/16/04,76.55
3/17/04,75.75
3/18/04,75.2
3/19/04,75.55
3/22/04,77.35
3/23/04,76.4
3/24/04,75.05
3/25/04,71.25
3/26/04,71.95
3/29/04,72.4
3/30/04,73.3
3/31/04,73.75
4/1/04,74.1
4/2/04,73.4
4/5/04,71.95
4/6/04,72.8
4/7/04,73.25
4/8/04,72.55
4/12/04,72.05
4/13/04,69.35
4/14/04,70.5
4/15/04,70.4
4/16/04,70.05
4/19/04,70.4
4/20/04,69.65
4/21/04,67.35
4/22/04,67.7
4/23/04,67.95
4/26/04,68.05
4/27/04,69.2
4/28/04,69
4/29/04,68.05
4/30/04,67.15
5/3/04,67.75
5/4/04,70.1
5/5/04,70.2
5/6/04,69.15
5/7/04,68.1
5/10/04,69.9
5/11/04,70.45
5/12/04,69.65
5/13/04,70.3
5/14/04,70.4
5/17/04,68.3
5/18/04,70.75
5/19/04,72.95
5/20/04,71.5
5/21/04,72.35
5/24/04,76.65
5/25/04,77.8
5/26/04,80.15
5/27/04,79.95
5/28/04,85.55
6/1/04,82.9
6/2/04,83.9
6/3/04,83.1
6/4/04,83
6/7/04,81.05
6/8/04,81.6
6/9/04,83
6/10/04,83.25
6/14/04,79.95
6/15/04,78.2
6/16/04,78.15
6/17/04,75.95
6/18/04,75.7
6/21/04,73.6
6/22/04,74.1
6/23/04,74.45
6/24/04,74.05
6/25/04,71.6
6/28/04,72.55
6/29/04,71.75
6/30/04,73.1
7/1/04,72.75
7/2/04,70.05
7/6/04,68.7
7/7/04,69.4
7/8/04,67.8
7/9/04,68.85
7/12/04,68.65
7/13/04,68.55
7/14/04,69.55
7/15/04,70.2
7/16/04,69.75
7/19/04,70.2
7/20/04,71.85
7/21/04,71.35
7/22/04,71.7
7/23/04,69.85
7/26/04,68.65
7/27/04,67.95
7/28/04,67.95
7/29/04,67.65
7/30/04,66.45
8/2/04,66.45
8/3/04,66.8
8/4/04,66.3
8/5/04,65.9
8/6/04,67.05
8/9/04,67.35
8/10/04,67.05
8/11/04,67.1
8/12/04,65.55
8/13/04,65.6
8/16/04,68.9
8/17/04,69.2
8/18/04,66.6
8/19/04,67.1
8/20/04,66.55
8/23/04,69.85
8/24/04,69.45
8/25/04,69.8
8/26/04,70.65
8/27/04,70
8/30/04,68.65
8/31/04,69.3
9/1/04,70.45
9/2/04,70.55
9/3/04,68.3
9/7/04,67.15
9/8/04,67.55
9/9/04,70.2
9/10/04,70.4
9/13/04,73.55
9/14/04,74
9/15/04,73.3
9/16/04,74.7
9/17/04,75.35
9/20/04,77.2
9/21/04,81.65
9/22/04,83.55
9/23/04,81.05
9/24/04,83
9/27/04,86
9/28/04,81.1
9/29/04,82.4
9/30/04,82.35
10/1/04,80.15
10/4/04,76.2
10/5/04,78.15
10/6/04,77.65
10/7/04,78.15
10/8/04,77.2
10/11/04,75.85
10/12/04,74.5
10/13/04,73.8
10/14/04,73.25
10/15/04,74.65
10/18/04,73.85
10/19/04,72.95
10/20/04,74.65
10/21/04,75.55
10/22/04,75.1
10/25/04,75.6
10/26/04,75.8
10/27/04,77.9
10/28/04,77.7
10/29/04,74.4
11/1/04,74.2
11/2/04,75.7
11/3/04,77.15
11/4/04,77.9
11/5/04,78.3
11/8/04,79.85
11/9/04,80
11/10/04,81.35
11/11/04,81.45
11/12/04,80.5
11/15/04,91.65
11/16/04,86.05
11/17/04,88.05
11/18/04,88.9
11/19/04,87.25
11/22/04,89.35
11/23/04,89.25
11/24/04,88.9
11/29/04,94.65
11/30/04,94.45
12/1/04,95.7
12/2/04,94.9
12/3/04,94.9
12/6/04,94.5
12/7/04,94.6
12/8/04,95.25
12/9/04,95.3
12/10/04,94.8
12/13/04,91.4
12/14/04,91.7
12/15/04,97.8
12/16/04,98
12/17/04,102.3
12/20/04,105.1
12/21/04,105.05
12/22/04,101.25
12/23/04,105.1
12/27/04,104.7
12/28/04,105.2
12/29/04,107.95
12/30/04,103.75
1/3/05,103.1
1/4/05,101.45
1/5/05,98.5
1/6/05,96.8
1/7/05,96.25
1/10/05,95.6
1/11/05,95.65
1/12/05,98.85
1/13/05,101.1
1/14/05,100.1
1/18/05,104.4
1/19/05,104.1
1/20/05,102
1/21/05,103.25
1/24/05,104.65
1/25/05,105.75
1/26/05,105.1
1/27/05,103.2
1/28/05,105.3
1/31/05,105.35
2/1/05,105.8
2/2/05,104.9
2/3/05,105.3
2/4/05,110.5
2/7/05,112.75
2/8/05,111.7
2/9/05,112.45
2/10/05,113.85
2/11/05,113.45
2/14/05,112.4
2/15/05,117.8
2/16/05,116.85
2/17/05,117.05
2/18/05,118.05
2/22/05,115.1
2/23/05,121.55
2/24/05,119.2
2/25/05,115.25
2/28/05,119.15
3/1/05,119.05
3/2/05,119.35
3/3/05,120.9
3/4/05,121.85
3/7/05,128
3/8/05,130.65
3/9/05,129.5
3/10/05,135.75
3/11/05,134.45
3/14/05,132.5
3/15/05,135
3/16/05,134.6
3/17/05,135.1
3/18/05,131.6
3/21/05,130.65
3/22/05,131.35
3/23/05,125.25
3/24/05,120.9
3/28/05,122.35
3/29/05,122.05
3/30/05,125
3/31/05,126.4
4/1/05,123.95
4/4/05,123.05
4/5/05,126.1
4/6/05,124.7
4/7/05,121.95
4/8/05,116.85
4/11/05,113.5
4/12/05,114.85
4/13/05,114.6
4/14/05,111.05
4/15/05,112.55
4/18/05,111.95
4/19/05,118
4/20/05,121.85
4/21/05,119.75
4/22/05,124.8
4/25/05,124.4
4/26/05,129.6
4/27/05,130.45
4/28/05,128
4/29/05,125.15
5/2/05,120.7
5/3/05,119.1
5/4/05,122.7
5/5/05,120.35
5/6/05,121.9
5/9/05,121.45
5/10/05,119.15
5/11/05,122.15
5/12/05,119.9
5/13/05,119
5/16/05,113.75
5/17/05,115.7
5/18/05,116.05
5/19/05,116.8
5/20/05,117
5/23/05,118.15
5/24/05,119.65
5/25/05,122.4
5/26/05,123.7
5/27/05,121.9
5/31/05,118.35
6/1/05,118.05
6/2/05,122
6/3/05,125.55
6/6/05,124.1
6/7/05,125.75
6/8/05,121.4
6/9/05,116.4
6/10/05,113
6/13/05,109.75
6/14/05,110.75
6/15/05,111.15
6/16/05,109.55
6/17/05,107.6
6/20/05,109
6/21/05,107.75
6/22/05,110.8
6/23/05,108.4
6/24/05,105.45
6/27/05,102.7
6/28/05,104.3
6/29/05,103.1
6/30/05,104.65
7/1/05,102.1
7/5/05,102.2
7/6/05,104.65
7/7/05,104.5
7/8/05,104.15
7/11/05,101.75
7/12/05,102.35
7/13/05,102.5
7/14/05,106.15
7/15/05,103.25
7/18/05,97.85
7/19/05,94.15
7/20/05,96.05
7/21/05,98.9
7/22/05,99.45
7/25/05,102.1
7/26/05,101.85
7/27/05,99.35
7/28/05,101.8
7/29/05,103.15
8/1/05,102.15
8/2/05,106.6
8/3/05,105.75
8/4/05,106.25
8/5/05,105.35
8/8/05,102.3
8/9/05,102.6
8/10/05,105.7
8/11/05,106.75
8/12/05,104.9
8/15/05,96.15
8/16/05,96.9
8/17/05,97.75
8/18/05,95.3
8/19/05,96.1
8/22/05,96.35
8/23/05,98.95
8/24/05,96.15
8/25/05,93.15
8/26/05,91.65
8/29/05,92.6
8/30/05,94.5
8/31/05,97.75
9/1/05,101.95
9/2/05,100
9/6/05,97.45
9/7/05,91.5
9/8/05,92.7
9/9/05,92.2
9/12/05,89.05
9/13/05,88.65
9/14/05,91.4
9/15/05,89.35
9/16/05,88.2
9/19/05,84.45
9/20/05,91.75
9/21/05,90.35
9/22/05,91.3
9/23/05,89
9/26/05,88.15
9/27/05,88.65
9/28/05,93.4
9/29/05,92.95
9/30/05,93.45
10/3/05,92.85
10/4/05,92.7
10/5/05,93.7
10/6/05,93.5
10/7/05,94.85
10/10/05,98.9
10/11/05,100.75
10/12/05,101.3
10/13/05,100.35
10/14/05,99.65
10/17/05,104.1
10/18/05,104.65
10/19/05,104.05
10/20/05,105.7
10/21/05,103.45
10/24/05,103.15
10/25/05,103.7
10/26/05,101.7
10/27/05,100.15
10/28/05,98.35
10/31/05,96.65
11/1/05,97.1
11/2/05,101.05
11/3/05,103.75
11/4/05,103.9
11/7/05,102.95
11/8/05,107.85
11/9/05,106.9
11/10/05,106.75
11/11/05,106.95
11/14/05,99.85
11/15/05,96.5
11/16/05,96.55
11/17/05,98
11/18/05,96.8
11/21/05,99.05
11/22/05,98.65
11/23/05,97.4
11/28/05,96.15
11/29/05,95.7
11/30/05,93
12/1/05,92.4
12/2/05,90.75
12/5/05,91.85
12/6/05,92.7
12/7/05,92
12/8/05,92.8
12/9/05,92.75
12/12/05,96.45
12/13/05,95.4
12/14/05,93.2
12/15/05,94.35
12/16/05,94.35
12/19/05,98.1
12/20/05,102.4
12/21/05,101.2
12/22/05,102.8
12/23/05,102.6
12/27/05,106.2
12/28/05,107
12/29/05,106.9
12/30/05,107.1
1/3/06,108.6
1/4/06,110.65
1/5/06,117.45
1/6/06,119.55
1/9/06,120.15
1/10/06,119.1
1/11/06,117.2
1/12/06,117.55
1/13/06,119.95
1/17/06,123.8
1/18/06,121.6
1/19/06,119.4
1/20/06,118.4
1/23/06,120.45
1/24/06,122.4
1/25/06,123.05
1/26/06,122.85
1/27/06,124.3
1/30/06,121.9
1/31/06,118.2
2/1/06,117.25
2/2/06,118
2/3/06,117.6
2/6/06,113.2
2/7/06,114.9
2/8/06,113.45
2/9/06,113.8
2/10/06,115.1
2/13/06,109.45
2/14/06,107.55
2/15/06,107.8
2/16/06,106
2/17/06,109.45
2/21/06,111.15
2/22/06,109.5
2/23/06,110.95
2/24/06,110.95
2/27/06,108.35
2/28/06,111.8
3/1/06,112.2
3/2/06,110.1
3/3/06,112.1
3/6/06,109
3/7/06,106.7
3/8/06,106.75
3/9/06,106.85
3/10/06,105.7
3/13/06,104.4
3/14/06,104.6
3/15/06,107.1
3/16/06,105.3
3/17/06,103.65
3/20/06,104.1
3/21/06,105.45
3/22/06,104.15
3/23/06,104.9
3/24/06,105.3
3/27/06,105.95
3/28/06,105.55
3/29/06,104.35
3/30/06,108.6
3/31/06,107
4/3/06,109.45
4/4/06,107.05
4/5/06,108.05
4/6/06,108.85
4/7/06,108.35
4/10/06,108.15
4/11/06,104.75
4/12/06,104.7
4/13/06,105.25
4/17/06,106.65
4/18/06,109.2
4/19/06,110.1
4/20/06,112.9
4/21/06,112
4/24/06,111.35
4/25/06,106.7
4/26/06,109
4/27/06,105.5
4/28/06,107.2
5/1/06,107.1
5/2/06,110.35
5/3/06,108.85
5/4/06,107.15
5/5/06,106.5
5/8/06,105.75
5/9/06,107.05
5/10/06,107.2
5/11/06,102.7
5/12/06,101.8
5/15/06,99.6
5/16/06,100.85
5/17/06,98.25
5/18/06,99.65
5/19/06,100.65
5/22/06,99.6
5/23/06,101.4
5/24/06,99.8
5/25/06,98.65
5/26/06,98.1
5/30/06,98.75
5/31/06,98.95
6/1/06,99.95
6/2/06,101.25
6/5/06,98.45
6/6/06,96.1
6/7/06,96
6/8/06,96.45
6/9/06,95.9
6/12/06,95.65
6/13/06,95.3
6/14/06,96.05
6/15/06,96.55
6/16/06,95.25
6/19/06,94.95
6/20/06,95.45
6/21/06,95.1
6/22/06,95.7
6/23/06,95.3
6/26/06,94.6
6/27/06,95.35
6/28/06,97.7
6/29/06,97.5
6/30/06,99.5
7/3/06,102
7/5/06,101.85
7/6/06,101.3
7/7/06,98.4
7/10/06,99.1
7/11/06,98.35
7/12/06,98.55
7/13/06,99.35
7/14/06,97
7/17/06,95.75
7/18/06,96.1
7/19/06,95.9
7/20/06,95.8
7/21/06,95.6
7/24/06,94.05
7/25/06,95.1
7/26/06,95.5
7/27/06,96.8
7/28/06,99.4
7/31/06,99.35
8/1/06,98.3
8/2/06,103.7
8/3/06,105.85
8/4/06,105.45
8/7/06,107.15
8/8/06,107.1
8/9/06,107.65
8/10/06,105.55
8/11/06,104.3
8/14/06,100.75
8/15/06,102.85
8/16/06,104.65
8/17/06,103.55
8/18/06,103.25
8/21/06,107
8/22/06,108.2
8/23/06,107.35
8/24/06,107.05
8/25/06,106.2
8/28/06,103.2
8/29/06,103.3
8/30/06,103.35
8/31/06,104
9/1/06,103.4
9/5/06,106.45
9/6/06,106.25
9/7/06,103.5
9/8/06,102.45
9/11/06,100.25
9/12/06,100.1
9/13/06,100.5
9/14/06,99.95
9/15/06,98.65
9/18/06,99.2
9/19/06,100.45
9/20/06,101.95
9/21/06,103.55
9/22/06,104.45
9/25/06,106.65
9/26/06,106.9
9/27/06,106.9
9/28/06,107.5
9/29/06,107.65
10/2/06,103.55
10/3/06,104.25
10/4/06,104.45
10/5/06,104.5
10/6/06,103.9
10/9/06,103.05
10/10/06,102.85
10/11/06,103.05
10/12/06,103.3
10/13/06,104.05
10/16/06,101.9
10/17/06,102.45
10/18/06,102.25
10/19/06,101.85
10/20/06,102.05
10/23/06,106.85
10/24/06,107.15
10/25/06,106.85
10/26/06,107.6
10/27/06,108
10/30/06,108
10/31/06,108.25
11/1/06,108.65
11/2/06,110.55
11/3/06,112.45
11/6/06,113.2
11/7/06,112.95
11/8/06,115.75
11/9/06,119.2
11/10/06,115.85
11/13/06,115.15
11/14/06,115.8
11/15/06,118.15
11/16/06,116.5
11/17/06,113.1
11/20/06,115.15
11/21/06,115.4
11/22/06,115.55
11/27/06,118
11/28/06,120.35
11/29/06,118.55
11/30/06,119.7
12/1/06,123.2
12/4/06,120.2
12/5/06,123.4
12/6/06,121.7
12/7/06,121.9
12/8/06,121.85
12/11/06,124.7
12/12/06,123.85
12/13/06,124.95
12/14/06,125.05
12/15/06,121.55
12/18/06,120.7
12/19/06,123
12/20/06,126.75
12/21/06,126.35
12/22/06,125.4
12/26/06,127.7
12/27/06,128.9
12/28/06,125
12/29/06,126.2
1/3/07,123.6
1/4/07,125
1/5/07,120.45
1/8/07,120.1
1/9/07,118.4
1/10/07,120.75
1/11/07,120.65
1/12/07,120.3
1/16/07,121.65
1/17/07,121.6
1/18/07,119.75
1/19/07,119.7
1/22/07,117.35
1/23/07,115.65
1/24/07,116.95
1/25/07,116
1/26/07,116.3
1/29/07,116.6
1/30/07,116.55
1/31/07,117.65
2/1/07,118.75
2/2/07,118.35
2/5/07,116.6
2/6/07,116.5
2/7/07,116.85
2/8/07,115.55
2/9/07,114.75
2/12/07,113.9
2/13/07,113.7
2/14/07,114.05
2/15/07,115.3
2/16/07,113.2
2/20/07,113.2
2/21/07,115.15
2/22/07,118.9
2/23/07,119.25
2/26/07,117.85
2/27/07,117.3
2/28/07,117.7
3/1/07,116
3/2/07,114.35
3/5/07,110.55
3/6/07,112
3/7/07,111.1
3/8/07,111.1
3/9/07,111.5
3/12/07,111
3/13/07,110.2
3/14/07,109
3/15/07,109.65
3/16/07,109.45
3/19/07,107.6
3/20/07,108.9
3/21/07,112.5
3/22/07,111.75
3/23/07,113.35
3/26/07,114.35
3/27/07,112.45
3/28/07,112.7
3/29/07,110.6
3/30/07,109.25
4/2/07,108.6
4/3/07,110.75
4/4/07,110.55
4/5/07,110.85
4/9/07,109.65
4/10/07,109.25
4/11/07,109.45
4/12/07,112.85
4/13/07,111.8
4/16/07,108.45
4/17/07,109.6
4/18/07,109.35
4/19/07,108.5
4/20/07,107.7
4/23/07,106.35
4/24/07,104.4
4/25/07,104.35
4/26/07,103.75
4/27/07,104
4/30/07,103.15
5/1/07,101.85
5/2/07,101.7
5/3/07,101.35
5/4/07,103
5/7/07,101.9
5/8/07,102.25
5/9/07,103.25
5/10/07,103.6
5/11/07,102.8
5/14/07,104.2
5/15/07,104.65
5/16/07,107.25
5/17/07,110.35
5/18/07,109.5
5/21/07,112
5/22/07,111.55
5/23/07,112.05
5/24/07,113.35
5/25/07,112.9
5/29/07,110.7
5/30/07,111.35
5/31/07,111.9
6/1/07,117.4
6/4/07,115.3
6/5/07,116.55
6/6/07,116.45
6/7/07,116.95
6/8/07,114.85
6/11/07,115.4
6/12/07,113.45
6/13/07,114.6
6/14/07,114.75
6/15/07,114.7
6/18/07,115.2
6/19/07,113.35
6/20/07,115
6/21/07,114.55
6/22/07,113.6
6/25/07,110
6/26/07,109.95
6/27/07,110.4
6/28/07,110.8
6/29/07,111
7/2/07,110.2
7/3/07,109.1
7/5/07,108.3
7/6/07,107.25
7/9/07,107.05
7/10/07,108.5
7/11/07,109.2
7/12/07,109.4
7/13/07,107.75
7/16/07,109.25
7/17/07,110.6
7/18/07,112.5
7/19/07,112.75
7/20/07,114
7/23/07,112.35
7/24/07,115.75
7/25/07,114.2
7/26/07,111.4
7/27/07,112.7
7/30/07,112.95
7/31/07,114.3
8/1/07,113.1
8/2/07,116.2
8/3/07,117.65
8/6/07,118.4
8/7/07,117.45
8/8/07,118.5
8/9/07,119.5
8/10/07,120.6
8/13/07,120.75
8/14/07,119.15
8/15/07,119.2
8/16/07,111.3
8/17/07,115.55
8/20/07,114.85
8/21/07,114.25
8/22/07,114.45
8/23/07,115.85
8/24/07,114.65
8/27/07,113.1
8/28/07,113.65
8/29/07,112.65
8/30/07,111.75
8/31/07,112.65
9/4/07,114.55
9/5/07,112.45
9/6/07,113.55
9/7/07,113.75
9/10/07,117.05
9/11/07,116.55
9/12/07,117.1
9/13/07,116.2
9/14/07,118.05
9/17/07,125
9/18/07,126.7
9/19/07,131.35
9/20/07,133.15
9/21/07,129.9
9/24/07,132.4
9/25/07,133.1
9/26/07,128.6
9/27/07,128.8
9/28/07,128.65
10/1/07,134.85
10/2/07,134.3
10/3/07,135.85
10/4/07,135.2
10/5/07,137
10/8/07,138.75
10/9/07,133.75
10/10/07,133.4
10/11/07,138.25
10/12/07,139.3
10/15/07,130.05
10/16/07,128.15
10/17/07,129.55
10/18/07,125.4
10/19/07,125
10/22/07,123.55
10/23/07,123.85
10/24/07,123.5
10/25/07,120.6
10/26/07,121.45
10/29/07,122.35
10/30/07,121.9
10/31/07,121.35
11/1/07,122.6
11/2/07,118.9
11/5/07,119.95
11/6/07,120.7
11/7/07,120.45
11/8/07,121.9
11/9/07,121.75
11/12/07,121.75
11/13/07,122.6
11/14/07,124.2
11/15/07,124.8
11/16/07,124.9
11/19/07,121.65
11/20/07,124.35
11/21/07,123.45
11/26/07,122.1
11/27/07,122.25
11/28/07,125.8
11/29/07,125.2
11/30/07,125.95
12/3/07,126.65
12/4/07,127.35
12/5/07,128.05
12/6/07,125.9
12/7/07,127.75
12/10/07,130.2
12/11/07,130.1
12/12/07,130.8
12/13/07,130.15
12/14/07,130.75
12/17/07,130.2
12/18/07,131.35
12/19/07,134.5
12/20/07,133.7
12/21/07,134.2
12/26/07,133.65
12/27/07,131.8
12/28/07,133.1
12/31/07,136.2
1/2/08,134
1/3/08,135.2
1/4/08,132.7
1/7/08,131.4
1/8/08,135.45
1/9/08,135.6
1/10/08,136.65
1/11/08,136.3
1/14/08,137.55
1/15/08,136.85
1/16/08,134.9
1/17/08,134.4
1/18/08,133.1
1/22/08,135
1/23/08,131.3
1/24/08,132.35
1/25/08,131.45
1/28/08,134.2
1/29/08,133.7
1/30/08,136.55
1/31/08,138.15
2/1/08,139.1
2/4/08,142.7
2/5/08,142.6
2/6/08,143.15
2/7/08,143.3
2/8/08,147.2
2/11/08,147.9
2/12/08,147.95
2/13/08,149.5
2/14/08,152.6
2/15/08,149.85
2/19/08,155.05
2/20/08,154.6
2/21/08,156.35
2/22/08,160.15
2/25/08,161.7
2/26/08,158.2
2/27/08,161.5
2/28/08,165
2/29/08,164.6
3/3/08,165.4
3/4/08,162.8
3/5/08,161.75
3/6/08,152
3/7/08,148.75
3/10/08,148.25
3/11/08,150.15
3/12/08,151.85
3/13/08,155.6
3/14/08,150.05
3/17/08,134.3
3/18/08,135.8
3/19/08,132.95
3/20/08,130.9
3/24/08,128.75
3/25/08,132.65
3/26/08,132.3
3/27/08,132.55
3/28/08,130.4
3/31/08,127.4
4/1/08,129.1
4/2/08,128.65
4/3/08,131.3
4/4/08,131.9
4/7/08,133.6
4/8/08,133.2
4/9/08,136.5
4/10/08,131.75
4/11/08,130.85
4/14/08,131.1
4/15/08,134.2
4/16/08,134.75
4/17/08,139.65
4/18/08,135.25
4/21/08,131.4
4/22/08,135.3
4/23/08,135.4
4/24/08,130.75
4/25/08,130.45
4/28/08,133.55
4/29/08,134.35
4/30/08,134.55
5/1/08,128.4
5/2/08,128.55
5/5/08,131.75
5/6/08,132.85
5/7/08,130.15
5/8/08,133.9
5/9/08,136
5/12/08,138.2
5/13/08,136.9
5/14/08,137.3
5/15/08,136.7
5/16/08,138
5/19/08,135.1
5/20/08,136.8
5/21/08,140.45
5/22/08,134.2
5/23/08,134
5/27/08,132
5/28/08,135.6
5/29/08,132.5
5/30/08,133.9
6/2/08,137.35
6/3/08,132.5
6/4/08,132.75
6/5/08,135.8
6/6/08,135.85
6/9/08,131.05
6/10/08,135.05
6/11/08,133.6
6/12/08,134.6
6/13/08,134.4
6/16/08,136.05
6/17/08,139.1
6/18/08,136.65
6/19/08,136.95
6/20/08,143.95
6/23/08,143.8
6/24/08,145.85
6/25/08,147.6
6/26/08,151.25
6/27/08,150.15
6/30/08,150.9
7/1/08,152.7
7/2/08,153.45
7/3/08,149.55
7/7/08,141.05
7/8/08,139.7
7/9/08,138.35
7/10/08,139.25
7/11/08,140.05
7/14/08,140.8
7/15/08,138.5
7/16/08,138.85
7/17/08,135.55
7/18/08,135.65
7/21/08,135.4
7/22/08,137.45
7/23/08,135.95
7/24/08,135.2
7/25/08,137.3
7/28/08,135.3
7/29/08,136.4
7/30/08,137.55
7/31/08,139.35
8/1/08,140.15
8/4/08,136.85
8/5/08,140.2
8/6/08,137.9
8/7/08,140.45
8/8/08,135.8
8/11/08,135.85
8/12/08,137.45
8/13/08,135.55
8/14/08,135.15
8/15/08,132.85
8/18/08,133.95
8/19/08,136.2
8/20/08,137.3
8/21/08,139.85
8/22/08,140.25
8/25/08,139.1
8/26/08,143.7
8/27/08,143.8
8/28/08,143.25
8/29/08,141.9
9/2/08,140.55
9/3/08,139.9
9/4/08,143.5
9/5/08,138.85
9/8/08,139.7
9/9/08,136
9/10/08,136.7
9/11/08,134.35
9/12/08,135.1
9/15/08,135.25
9/16/08,129.85
9/17/08,129.45
9/18/08,126.45
9/19/08,133.1
9/22/08,136.6
9/23/08,134.9
9/24/08,135.65
9/25/08,137.6
9/26/08,134.15
9/29/08,130.25
9/30/08,130.45
10/1/08,129.1
10/2/08,125.45
10/3/08,122.05
10/6/08,114.5
10/7/08,114.2
10/8/08,114.55
10/9/08,114.65
10/10/08,115.35
10/13/08,117.65
10/14/08,118.95
10/15/08,113.25
10/16/08,112.95
10/17/08,115.6
10/20/08,114.5
10/21/08,114.25
10/22/08,112.6
10/23/08,110.1
10/24/08,108.65
10/27/08,107.75
10/28/08,107.7
10/29/08,112.2
10/30/08,111
10/31/08,113
11/3/08,112.35
11/4/08,116.7
11/5/08,116.4
11/6/08,111
11/7/08,112.1
11/10/08,112.8
11/11/08,112.3
11/12/08,111.75
11/13/08,110.4
11/14/08,110.95
11/17/08,110.55
11/18/08,110.6
11/19/08,111
11/20/08,108.3
11/21/08,108.95
11/24/08,112.2
11/25/08,112.5
11/26/08,114.1
11/28/08,114.1
12/1/08,111.65
12/2/08,110.25
12/3/08,109.6
12/4/08,104.5
12/5/08,101.6
12/8/08,107.75
12/9/08,108.05
12/10/08,108.45
12/11/08,111.05
12/12/08,109.85
12/15/08,108.3
12/16/08,109.6
12/17/08,110.5
12/18/08,110.7
12/19/08,110.95
12/22/08,108.35
12/23/08,107.45
12/24/08,108.05
12/26/08,108.4
12/29/08,106.65
12/30/08,107.55
12/31/08,112.05
1/2/09,110.9
1/5/09,107.7
1/6/09,116.1
1/7/09,114.2
1/8/09,113.45
1/9/09,116.9
1/12/09,114.5
1/13/09,114.75
1/14/09,114.65
1/15/09,113.9
1/16/09,115.8
1/20/09,114.9
1/21/09,117.55
1/22/09,119.45
1/23/09,119.65
1/26/09,122.2
1/27/09,121.9
1/28/09,122.5
1/29/09,121.5
1/30/09,118.9
2/2/09,119.75
2/3/09,119.25
2/4/09,115.9
2/5/09,119.2
2/6/09,119.55
2/9/09,121.4
2/10/09,116.85
2/11/09,115.8
2/12/09,112.15
2/13/09,112.35
2/17/09,110.35
2/18/09,108.85
2/19/09,109.7
2/20/09,108.9
2/23/09,110.85
2/24/09,111.2
2/25/09,110.65
2/26/09,110.7
2/27/09,109.45
3/2/09,103.55
3/3/09,104.1
3/4/09,106.3
3/5/09,106.55
3/6/09,105.3
3/9/09,104.2
3/10/09,103.85
3/11/09,104.95
3/12/09,108.45
3/13/09,108.3
3/16/09,108.85
3/17/09,109.25
3/18/09,111.15
3/19/09,114.2
3/20/09,116.2
3/23/09,117.5
3/24/09,116.75
3/25/09,116.7
3/26/09,117.35
3/27/09,115.85
3/30/09,113
3/31/09,115.75
4/1/09,114.5
4/2/09,116.8
4/3/09,118.4
4/6/09,117.5
4/7/09,117.5
4/8/09,118.2
4/9/09,119.3
4/13/09,115.2
4/14/09,115.4
4/15/09,115.7
4/16/09,113.75
4/17/09,111.85
4/20/09,111.65
4/21/09,112.25
4/22/09,116.95
4/23/09,117.75
4/24/09,119
4/27/09,114.9
4/28/09,115.7
4/29/09,116.05
4/30/09,115
5/1/09,119.85
5/4/09,120.2
5/5/09,123.65
5/6/09,123.95
5/7/09,123.65
5/8/09,125.7
5/11/09,127.85
5/12/09,128.15
5/13/09,126.9
5/14/09,127.95
5/15/09,127.55
5/18/09,129.4
5/19/09,132.3
5/20/09,133.3
5/21/09,135.8
5/22/09,135
5/26/09,136.45
5/27/09,135.5
5/28/09,136.8
5/29/09,137.4
6/1/09,142.25
6/2/09,142
6/3/09,138.35
6/4/09,139.2
6/5/09,133.85
6/8/09,130.05
6/9/09,131.15
6/10/09,130.3
6/11/09,131.6
6/12/09,129.55
6/15/09,121.35
6/16/09,122.4
6/17/09,118.45
6/18/09,120.45
6/19/09,116.7
6/22/09,117.7
6/23/09,116.15
6/24/09,116.15
6/25/09,117.55
6/26/09,116.75
6/29/09,117.85
6/30/09,117.3
7/1/09,116.4
7/2/09,115.05
7/6/09,115.4
7/7/09,114
7/8/09,113
7/9/09,113.55
7/10/09,112.3
7/13/09,112.3
7/14/09,112.9
7/15/09,115.65
7/16/09,113.5
7/17/09,116.25
7/20/09,119.75
7/21/09,119.95
7/22/09,120.1
7/23/09,124.55
7/24/09,123.95
7/27/09,124.45
7/28/09,122.8
7/29/09,122.85
7/30/09,124.95
7/31/09,127.85
8/3/09,133.05
8/4/09,133
8/5/09,131.5
8/6/09,134.7
8/7/09,137.9
8/10/09,135.85
8/11/09,136.9
8/12/09,135.55
8/13/09,132.75
8/14/09,128.95
8/17/09,125.45
8/18/09,124.75
8/19/09,125.35
8/20/09,122.7
8/21/09,123.7
8/24/09,121
8/25/09,120.05
8/26/09,123.6
8/27/09,120.15
8/28/09,121.1
8/31/09,120.9
9/1/09,119.2
9/2/09,120.4
9/3/09,119.8
9/4/09,122.85
9/8/09,123
9/9/09,123.7
9/10/09,123.4
9/11/09,125.3
9/14/09,132.1
9/15/09,133.6
9/16/09,133.2
9/17/09,135.05
9/18/09,134.8
9/21/09,135.65
9/22/09,138.05
9/23/09,136.4
9/24/09,129.3
9/25/09,127.7
9/28/09,127.15
9/29/09,125.5
9/30/09,127.8
10/1/09,126.7
10/2/09,129.7
10/5/09,129.45
10/6/09,133.6
10/7/09,134.25
10/8/09,137.9
10/9/09,135.65
10/12/09,138.05
10/13/09,138.45
10/14/09,139.25
10/15/09,137.75
10/16/09,142.85
10/19/09,144.25
10/20/09,141.8
10/21/09,144.3
10/22/09,143.65
10/23/09,137.15
10/26/09,136.5
10/27/09,136.35
10/28/09,134.6
10/29/09,136.75
10/30/09,135.5
11/2/09,142.35
11/3/09,141.1
11/4/09,140.75
11/5/09,142.1
11/6/09,138.9
11/9/09,140.05
11/10/09,134.05
11/11/09,132.7
11/12/09,130.65
11/13/09,131.1
11/16/09,136.35
11/17/09,135.75
11/18/09,138.05
11/19/09,135.05
11/20/09,134.6
11/23/09,136.3
11/24/09,136.05
11/25/09,138.8
11/27/09,137.95
11/30/09,141.75
12/1/09,142.5
12/2/09,143.2
12/3/09,144.15
12/4/09,141.1
12/7/09,146.25
12/8/09,143.65
12/9/09,141.55
12/10/09,142.65
12/11/09,142.6
12/14/09,145.85
12/15/09,147.2
12/16/09,148.2
12/17/09,146
12/18/09,144.35
12/21/09,145.6
12/22/09,142.45
12/23/09,142.65
12/24/09,139.3
12/28/09,136.95
12/29/09,136.35
12/30/09,136.65
12/31/09,135.95
1/4/10,141.85
1/5/10,141
1/6/10,141.6
1/7/10,141.9
1/8/10,145.35
1/11/10,143.7
1/12/10,143.1
1/13/10,145.15
1/14/10,144.35
1/15/10,140.75
1/19/10,140.9
1/20/10,139.2
1/21/10,138.7
1/22/10,139.6
1/25/10,139.4
1/26/10,138.25
1/27/10,133.55
1/28/10,132.95
1/29/10,131.7
2/1/10,132.55
2/2/10,135.05
2/3/10,133
2/4/10,131.55
2/5/10,128.8
2/8/10,130.65
2/9/10,130.4
2/10/10,132.2
2/11/10,132.2
2/12/10,132.75
2/16/10,133.45
2/17/10,132.25
2/18/10,134.1
2/19/10,134.75
2/22/10,129.85
2/23/10,130.35
2/24/10,130.45
2/25/10,127.7
2/26/10,129.05
3/1/10,129.55
3/2/10,130.2
3/3/10,129.7
3/4/10,127.85
3/5/10,128
3/8/10,128.7
3/9/10,130.25
3/10/10,130.5
3/11/10,131.45
3/12/10,130.15
3/15/10,128.65
3/16/10,130.35
3/17/10,131.2
3/18/10,133.15
3/19/10,130.3
3/22/10,133
3/23/10,134.75
3/24/10,134.3
3/25/10,137
3/26/10,135.85
3/29/10,138.15
3/30/10,138.95
3/31/10,136.15
4/1/10,137.4
4/5/10,139.65
4/6/10,139.2
4/7/10,137.55
4/8/10,134.7
4/9/10,132.7
4/12/10,133.55
4/13/10,132.2
4/14/10,131.85
4/15/10,131.75
4/16/10,129.1
4/19/10,129
4/20/10,129.15
4/21/10,129.7
4/22/10,131.1
4/23/10,131.8
4/26/10,132.55
4/27/10,130.8
4/28/10,133.85
4/29/10,134.5
4/30/10,135.2
5/3/10,138.4
5/4/10,137.4
5/5/10,137.25
5/6/10,133.15
5/7/10,133
5/10/10,133.55
5/11/10,135.25
5/12/10,136.8
5/13/10,137.05
5/14/10,134.25
5/17/10,134.55
5/18/10,136.25
5/19/10,132.5
5/20/10,131.65
5/21/10,132.4
5/24/10,132.25
5/25/10,132.75
5/26/10,133.7
5/27/10,134.75
5/28/10,134.25
6/1/10,136.55
6/2/10,135.4
6/3/10,135.6
6/4/10,133.75
6/7/10,133.1
6/8/10,133.55
6/9/10,134.45
6/10/10,137
6/11/10,144.95
6/14/10,150.95
6/15/10,159.35
6/16/10,158.75
6/17/10,156.35
6/18/10,160.25
6/21/10,158.95
6/22/10,159.1
6/23/10,158.6
6/24/10,166.75
6/25/10,167
6/28/10,166.3
6/29/10,161.5
6/30/10,164.2
7/1/10,166.2
7/2/10,162.3
7/6/10,155.5
7/7/10,160.65
7/8/10,159.65
7/9/10,161.2
7/12/10,161.15
7/13/10,163.25
7/14/10,162.6
7/15/10,164.8
7/16/10,164.8
7/19/10,162
7/20/10,156.45
7/21/10,157.3
7/22/10,161.7
7/23/10,166
7/26/10,165.6
7/27/10,163.75
7/28/10,167.4
7/29/10,173.05
7/30/10,176.3
8/2/10,172.5
8/3/10,166.65
8/4/10,169.75
8/5/10,169.85
8/6/10,167.4
8/9/10,169.6
8/10/10,169.65
8/11/10,170.6
8/12/10,175.55
8/13/10,175.5
8/16/10,178.7
8/17/10,175.5
8/18/10,175.15
8/19/10,177.3
8/20/10,181.55
8/23/10,181.5
8/24/10,166.85
8/25/10,164.1
8/26/10,169.95
8/27/10,177.05
8/30/10,179.55
8/31/10,176.8
9/1/10,180.5
9/2/10,183.2
9/3/10,185.05
9/7/10,190.7
9/8/10,193.1
9/9/10,189.15
9/10/10,188.25
9/13/10,187.5
9/14/10,193.7
9/15/10,192.65
9/16/10,190.35
9/17/10,187.85
9/20/10,180.55
9/21/10,182.9
9/22/10,179.95
9/23/10,181.65
9/24/10,180.6
9/27/10,182.25
9/28/10,188.95
9/29/10,185.75
9/30/10,183.05
10/1/10,181.1
10/4/10,172.5
10/5/10,177
10/6/10,175.55
10/7/10,173.45
10/8/10,182.15
10/11/10,178.65
10/12/10,185.7
10/13/10,186.15
10/14/10,187.6
10/15/10,186.4
10/18/10,185.6
10/19/10,190.9
10/20/10,196.75
10/21/10,201
10/22/10,198.85
10/25/10,200.5
10/26/10,201.75
10/27/10,200.3
10/28/10,196.6
10/29/10,203.45
11/1/10,197.7
11/2/10,199.4
11/3/10,196.15
11/4/10,205.8
11/5/10,205.15
11/8/10,208.1
11/9/10,217.05
11/10/10,212.25
11/11/10,206.65
11/12/10,200.45
11/15/10,204.45
11/16/10,197.8
11/17/10,199.45
11/18/10,208.65
11/19/10,209.85
11/22/10,206.15
11/23/10,210.35
11/24/10,207.15
11/26/10,202.15
11/29/10,202.4
11/30/10,200.95
12/1/10,203.3
12/2/10,203.4
12/3/10,204.5
12/6/10,208.65
12/7/10,207.6
12/8/10,204.25
12/9/10,204.3
12/10/10,209.35
12/13/10,217.2
12/14/10,216.35
12/15/10,216.9
12/16/10,216.15
12/17/10,225.25
12/20/10,224.65
12/21/10,233.85
12/22/10,230.2
12/23/10,235.9
12/27/10,237.45
12/28/10,239.3
12/29/10,239.65
12/30/10,236.3
12/31/10,240.5
1/4/11,234.95
1/5/11,233
1/6/11,233
1/7/11,230.7
1/10/11,231.25
1/11/11,234.7
1/12/11,240.6
1/13/11,237.5
1/14/11,234.6
1/18/11,235.35
1/19/11,232.5
1/20/11,231.8
1/21/11,240.4
1/24/11,237.3
1/25/11,231.25
1/26/11,237.5
1/27/11,236.95
1/28/11,245
1/31/11,244.8
2/1/11,249.4
2/2/11,250.4
2/3/11,251.35
2/4/11,249.3
2/7/11,249.75
2/8/11,247.6
2/9/11,253.6
2/10/11,255.6
2/11/11,251.95
2/14/11,258.65
2/15/11,258.05
2/16/11,258.65
2/17/11,267.35
2/18/11,271.65
2/22/11,273.6
2/23/11,268.75
2/24/11,264.2
2/25/11,267.7
2/28/11,271.7
3/1/11,269.3
3/2/11,269.5
3/3/11,274.5
3/4/11,272.9
3/7/11,280.95
3/8/11,287.15
3/9/11,294.4
3/10/11,280.3
3/11/11,273.7
3/14/11,273.15
3/15/11,262.45
3/16/11,264.55
3/17/11,271.4
3/18/11,276.8
3/21/11,275.75
3/22/11,273.45
3/23/11,268.6
3/24/11,265.8
3/25/11,268.6
3/28/11,263.95
3/29/11,261.45
3/30/11,264.8
3/31/11,264.15
4/1/11,259.9
4/4/11,256.05
4/5/11,268.25
4/6/11,265.15
4/7/11,272.8
4/8/11,274.95
4/11/11,274.6
4/12/11,273.8
4/13/11,280.7
4/14/11,282.4
4/15/11,288.1
4/18/11,284.45
4/19/11,291.2
4/20/11,294.4
4/21/11,291.3
4/25/11,287.9
4/26/11,294.95
4/27/11,295.55
4/28/11,298.6
4/29/11,299.35
5/2/11,304.55
5/3/11,304.9
5/4/11,293.75
5/5/11,287.5
5/6/11,287.05
5/9/11,287.05
5/10/11,281.7
5/11/11,272.5
5/12/11,273.95
5/13/11,269.3
5/16/11,264
5/17/11,265.1
5/18/11,268.45
5/19/11,263.7
5/20/11,259.15
5/23/11,262.55
5/24/11,261.2
5/25/11,264.85
5/26/11,265.6
5/27/11,263.7
5/31/11,264.6
6/1/11,255.95
6/2/11,261.25
6/3/11,270.95
6/6/11,260.5
6/7/11,263
6/8/11,263.85
6/9/11,266.8
6/10/11,264.95
6/13/11,267.45
6/14/11,269.25
6/15/11,262.65
6/16/11,257.9
6/17/11,249.55
6/20/11,243.6
6/21/11,243.5
6/22/11,243.75
6/23/11,247.7
6/24/11,249
6/27/11,250.15
6/28/11,257.9
6/29/11,260.25
6/30/11,265.35
7/1/11,263.45
7/5/11,268.95
7/6/11,266.85
7/7/11,267.75
7/8/11,263.15
7/11/11,257.9
7/12/11,256.7
7/13/11,262.8
7/14/11,257.35
7/15/11,252.55
7/18/11,248.2
7/19/11,243.85
7/20/11,243.4
7/21/11,240.8
7/22/11,241.5
7/25/11,242.9
7/26/11,244.95
7/27/11,241.2
7/28/11,238.65
7/29/11,239.55
8/1/11,241.35
8/2/11,243.2
8/3/11,241.9
8/4/11,235.85
8/5/11,238
8/8/11,234.2
8/9/11,234.75
8/10/11,234.85
8/11/11,240.85
8/12/11,240.35
8/15/11,245.7
8/16/11,251.55
8/17/11,263.2
8/18/11,264.8
8/19/11,266.15
8/22/11,264.7
8/23/11,268.85
8/24/11,272.5
8/25/11,274.65
8/26/11,278.9
8/29/11,284.95
8/30/11,287.45
8/31/11,289.1
9/1/11,290.7
9/2/11,289.2
9/6/11,282.4
9/7/11,285.8
9/8/11,285.4
9/9/11,271.25
9/12/11,273.7
9/13/11,272.85
9/14/11,268.35
9/15/11,263.35
9/16/11,263
9/19/11,262.8
9/20/11,259.45
9/21/11,251.95
9/22/11,239.25
9/23/11,231.45
9/26/11,235.95
9/27/11,240.85
9/28/11,233.5
9/29/11,231.15
9/30/11,228.9
10/3/11,223.45
10/4/11,226.55
10/5/11,227.7
10/6/11,234.4
10/7/11,224.35
10/10/11,226.3
10/11/11,223.4
10/12/11,229.45
10/13/11,237.65
10/14/11,239.55
10/17/11,234
10/18/11,231.5
10/19/11,236.15
10/20/11,231.65
10/21/11,244.85
10/24/11,250.8
10/25/11,236.55
10/26/11,233.7
10/27/11,234.6
10/28/11,235.15
10/31/11,226.95
11/1/11,223.65
11/2/11,224
11/3/11,226.8
11/4/11,230.2
11/7/11,233
11/8/11,229.6
11/9/11,230.2
11/10/11,230
11/11/11,233.95
11/14/11,230.95
11/15/11,239.5
11/16/11,235.75
11/17/11,232.15
11/18/11,234.2
11/21/11,232.2
11/22/11,232.9
11/23/11,231.6
11/25/11,229.6
11/28/11,224.7
11/29/11,225.25
11/30/11,233.8
12/1/11,233.2
12/2/11,227.15
12/5/11,233.95
12/6/11,232.85
12/7/11,226.75
12/8/11,225.7
12/9/11,224.65
12/12/11,218.5
12/13/11,218.65
12/14/11,215.1
12/15/11,213.75
12/16/11,210.95
12/19/11,215.3
12/20/11,222.8
12/21/11,219.9
12/22/11,221.4
12/23/11,219.65
12/27/11,222.85
12/28/11,226.75
12/29/11,224.25
12/30/11,226.85
1/3/12,227.2
1/4/12,226.7
1/5/12,219.55
1/6/12,221.75
1/9/12,221.85
1/10/12,225.95
1/11/12,234.9
1/12/12,233.9
1/13/12,225.25
1/17/12,225.15
1/18/12,224.85
1/19/12,226.65
1/20/12,225.4
1/23/12,219.45
1/24/12,220.45
1/25/12,217.2
1/26/12,219.7
1/27/12,217.35
1/30/12,216.6
1/31/12,215.05
2/1/12,214.1
2/2/12,215.6
2/3/12,215.95
2/6/12,218.8
2/7/12,220.95
2/8/12,220.05
2/9/12,216
2/10/12,215.3
2/13/12,212.3
2/14/12,204.2
2/15/12,200.4
2/16/12,199.3
2/17/12,200.05
2/21/12,204.65
2/22/12,200.75
2/23/12,202
2/24/12,203.25
2/27/12,204.45
2/28/12,206.15
2/29/12,203.15
3/1/12,204
3/2/12,201.65
3/5/12,201.5
3/6/12,192.95
3/7/12,188.4
3/8/12,189.35
3/9/12,185.6
3/12/12,182.6
3/13/12,185.35
3/14/12,182.75
3/15/12,184.45
3/16/12,181.35
3/19/12,182.5
3/20/12,183.1
3/21/12,184.7
3/22/12,176.95
3/23/12,178.75
3/26/12,178.8
3/27/12,187.35
3/28/12,182
3/29/12,176.45
3/30/12,182.45
4/2/12,186.2
4/3/12,185.35
4/4/12,184.75
4/5/12,183
4/9/12,178.05
4/10/12,178.15
4/11/12,180.65
4/12/12,182.9
4/13/12,179.2
4/16/12,174.7
4/17/12,173.05
4/18/12,172.65
4/19/12,173.65
4/20/12,177.7
4/23/12,177.7
4/24/12,182.5
4/25/12,175.95
4/26/12,174.7
4/27/12,175
4/30/12,177.95
5/1/12,182.85
5/2/12,181.3
5/3/12,174.3
5/4/12,173.5
5/7/12,174.15
5/8/12,175.15
5/9/12,175.15
5/10/12,178.5
5/11/12,176.55
5/14/12,177.4
5/15/12,177.05
5/16/12,177.4
5/17/12,178.65
5/18/12,177.7
5/21/12,175.15
5/22/12,174.5
5/23/12,166.9
5/24/12,166.9
5/25/12,167.8
5/29/12,165.4
5/30/12,164.4
5/31/12,160.65
6/1/12,157.5
6/4/12,158.45
6/5/12,156.2
6/6/12,155.9
6/7/12,156.65
6/8/12,155.6
6/11/12,155.1
6/12/12,154.2
6/13/12,152.5
6/14/12,149.2
6/15/12,150.05
6/18/12,149.55
6/19/12,156.6
6/20/12,150.75
6/21/12,157.75
6/22/12,155.15
6/25/12,158.7
6/26/12,165.4
6/27/12,164.5
6/28/12,163
6/29/12,170.1
7/2/12,174.3
7/3/12,180.1
7/5/12,179.25
7/6/12,175.9
7/9/12,181.75
7/10/12,183.75
7/11/12,182.7
7/12/12,181.15
7/13/12,184.45
7/16/12,182.55
7/17/12,180.75
7/18/12,181.4
7/19/12,188.2
7/20/12,186.95
7/23/12,185.1
7/24/12,175.45
7/25/12,176.3
7/26/12,174.05
7/27/12,173.7
7/30/12,178.35
7/31/12,174.4
8/1/12,174.6
8/2/12,171.65
8/3/12,173.8
8/6/12,175.5
8/7/12,172.65
8/8/12,170.5
8/9/12,166.45
8/10/12,166.25
8/13/12,164.1
8/14/12,163.05
8/15/12,161.9
8/16/12,158.85
8/17/12,160.3
8/20/12,161.2
8/21/12,160.65
8/22/12,158.95
8/23/12,160.25
8/24/12,162.6
8/27/12,167.05
8/28/12,167.75
8/29/12,166.4
8/30/12,163
8/31/12,164.55
9/4/12,164.9
9/5/12,160.45
9/6/12,157.9
9/7/12,162.7
9/10/12,173.4
9/11/12,177.25
9/12/12,177.15
9/13/12,178.5
9/14/12,180.8
9/17/12,175.05
9/18/12,177.4
9/19/12,174.4
9/20/12,168.6
9/21/12,173.3
9/24/12,172.3
9/25/12,173.65
9/26/12,169.45
9/27/12,174.3
9/28/12,173.5
10/1/12,178.05
10/2/12,183.65
10/3/12,181.05
10/4/12,175.05
10/5/12,168.1
10/8/12,169.1
10/9/12,165.3
10/10/12,163.45
10/11/12,160.75
10/12/12,161.7
10/15/12,160.85
10/16/12,162.8
10/17/12,161.5
10/18/12,158.6
10/19/12,161.65
10/22/12,164.5
10/23/12,160.85
10/24/12,159.8
10/25/12,161
10/26/12,157.75
10/29/12,161.65
10/30/12,157.2
10/31/12,154.65
11/1/12,153.45
11/2/12,154.7
11/5/12,150.9
11/6/12,150.6
11/7/12,151.2
11/8/12,151.4
11/9/12,149.9
11/12/12,153.05
11/13/12,146
11/14/12,147.7
11/15/12,149
11/16/12,147.3
11/19/12,151.4
11/20/12,143.75
11/21/12,144.8
11/23/12,142.15
11/26/12,139.9
11/27/12,139.8
11/28/12,144.65
11/29/12,146.15
11/30/12,142.1
12/3/12,141.7
12/4/12,137.35
12/5/12,139.6
12/6/12,140.45
12/7/12,142.1
12/10/12,138.1
12/11/12,141.15
12/12/12,138.15
12/13/12,135.25
12/14/12,137.4
12/17/12,137.95
12/18/12,133.5
12/19/12,144.9
12/20/12,142.95
12/21/12,146.6
12/24/12,147
12/26/12,148.3
12/27/12,147.9
12/28/12,146.85
12/31/12,143.8
1/2/13,149.4
1/3/13,146.5
1/4/13,147.35
1/7/13,150.4
1/8/13,148.15
1/9/13,147.9
1/10/13,149.65
1/11/13,153.35
1/14/13,153.3
1/15/13,152.5
1/16/13,153
1/17/13,155.5
1/18/13,156.3
1/22/13,148.6
1/23/13,150.4
1/24/13,146.55
1/25/13,148.3
1/28/13,149
1/29/13,149.8
1/30/13,147.7
1/31/13,146.95
2/1/13,147.95
2/4/13,144.35
2/5/13,144.05
2/6/13,142.1
2/7/13,140.3
2/8/13,141.05
2/11/13,140.15
2/12/13,140.65
2/13/13,138.75
2/14/13,138
2/15/13,136.95
2/19/13,136.5
2/20/13,141
2/21/13,141.75
2/22/13,143.1
2/25/13,142.6
2/26/13,142.9
2/27/13,142.4
2/28/13,142.65
3/1/13,142.9
3/4/13,145.95
3/5/13,140.5
3/6/13,140.6
3/7/13,142.45
3/8/13,143.35
3/11/13,143.05
3/12/13,141.65
3/13/13,140.05
3/14/13,138.9
3/15/13,136.5
3/18/13,133.15
3/19/13,133.1
3/20/13,133.6
3/21/13,133.75
3/22/13,135.3
3/25/13,135.6
3/26/13,137.6
3/27/13,136.6
3/28/13,137.15
4/1/13,138.4
4/2/13,136.15
4/3/13,139.45
4/4/13,139.5
4/5/13,140.15
4/8/13,135.9
4/9/13,135.4
4/10/13,136.05
4/11/13,136.8
4/12/13,135.25
4/15/13,134.45
4/16/13,135.85
4/17/13,136.1
4/18/13,138.9
4/19/13,141.65
4/22/13,142.5
4/23/13,137.55
4/24/13,138.4
4/25/13,137.2
4/26/13,133.9
4/29/13,133.6
4/30/13,134.95
5/1/13,134.5
5/2/13,138.95
5/3/13,140.3
5/6/13,141.35
5/7/13,142.3
5/8/13,144.15
5/9/13,145.8
5/10/13,143.8
5/13/13,144.55
5/14/13,141.65
5/15/13,138
5/16/13,138.35
5/17/13,135.6
5/20/13,133.85
5/21/13,132.7
5/22/13,128.45
5/23/13,130.05
5/24/13,127.25
5/28/13,126.45
5/29/13,127.6
5/30/13,125.85
5/31/13,127.05
6/3/13,129
6/4/13,127.65
6/5/13,127.45
6/6/13,129.45
6/7/13,126.95
6/10/13,128.75
6/11/13,127.7
6/12/13,122.75
6/13/13,123.7
6/14/13,122.25
6/17/13,122.35
6/18/13,122
6/19/13,122.75
6/20/13,117.65
6/21/13,118.7
6/24/13,119.45
6/25/13,120.25
6/26/13,118.15
6/27/13,121.6
6/28/13,120
7/1/13,121.2
7/2/13,124.1
7/3/13,121.15
7/5/13,120.95
7/8/13,123.25
7/9/13,122.05
7/10/13,121.45
7/11/13,123.15
7/12/13,119.15
7/15/13,122.9
7/16/13,125.6
7/17/13,127.55
7/18/13,127.15
7/19/13,122.6
7/22/13,125.3
7/23/13,126.1
7/24/13,121.25
7/25/13,124.8
7/26/13,122.25
7/29/13,121.15
7/30/13,120.3
7/31/13,118.6
8/1/13,115.6
8/2/13,118.25
8/5/13,119.65
8/6/13,117.9
8/7/13,121.05
8/8/13,122.05
8/9/13,122.9
8/12/13,123.45
8/13/13,120.6
8/14/13,122.65
8/15/13,121.85
8/16/13,120.5
8/19/13,119.25
8/20/13,114.95
8/21/13,113.5
8/22/13,113.2
8/23/13,113.05
8/26/13,114.05
8/27/13,113.15
8/28/13,114.6
8/29/13,113.15
8/30/13,112.1
9/3/13,112.8
9/4/13,112.55
9/5/13,112.55
9/6/13,113.95
9/9/13,113.85
9/10/13,112.35
9/11/13,116.45
9/12/13,116.25
9/13/13,115.55
9/16/13,114.8
9/17/13,111.05
9/18/13,111.3
9/19/13,115.8
9/20/13,114.65
9/23/13,117.05
9/24/13,117.85
9/25/13,117.25
9/26/13,115.65
9/27/13,113.7
9/30/13,113.7
10/1/13,114.1
10/2/13,114.45
10/3/13,115.35
10/4/13,114.4
10/7/13,114.5
10/8/13,115.05
10/9/13,115.25
10/10/13,114.4
10/11/13,116.7
10/14/13,117
10/15/13,116.45
10/16/13,115.85
10/17/13,114.7
10/18/13,114.65
10/21/13,112.7
10/22/13,111.95
10/23/13,110.55
10/24/13,110.3
10/25/13,109.1
10/28/13,107.55
10/29/13,106.95
10/30/13,106.85
10/31/13,105.4
11/1/13,105.55
11/4/13,103.7
11/5/13,103.45
11/6/13,101.5
11/7/13,103.95
11/8/13,104.05
11/11/13,103.25
11/12/13,105.8
11/13/13,103.05
11/14/13,102.6
11/15/13,105.75
11/18/13,105.75
11/19/13,104.65
11/20/13,107.35
11/21/13,110.45
11/22/13,107.1
11/25/13,108.1
11/26/13,108.15
11/27/13,107.6
11/29/13,110.25
12/2/13,109.4
12/3/13,109.55
12/4/13,107.8
12/5/13,105.4
12/6/13,105.8
12/9/13,105.5
12/10/13,109.65
12/11/13,109.1
12/12/13,110.7
12/13/13,114.5
12/16/13,114.7
12/17/13,113.55
12/18/13,115.1
12/19/13,113.75
12/20/13,115.3
12/23/13,115.85
12/24/13,114.75
12/26/13,115.45
12/27/13,116.35
12/30/13,114.7
12/31/13,110.7
1/2/14,111.4
1/3/14,116.35
1/6/14,121
1/7/14,117.25
1/8/14,120.9
1/9/14,119.35
1/10/14,120.65
1/13/14,119.85
1/14/14,119.2
1/15/14,117.2
1/16/14,118.35
1/17/14,117.15
1/21/14,116.2
1/22/14,114.85
1/23/14,115.2
1/24/14,114.4
1/27/14,113.85
1/28/14,114.65
1/29/14,117.1
1/30/14,120
1/31/14,125.2
2/3/14,135.95
2/4/14,136.25
2/5/14,143.1
2/6/14,135.75
2/7/14,135.7
2/10/14,136.2
2/11/14,137.15
2/12/14,141.05
2/13/14,139.7
2/14/14,139.9
2/18/14,152.65
2/19/14,171.75
2/20/14,168.8
2/21/14,168.55
2/24/14,175.6
2/25/14,175.65
2/26/14,177.1
2/27/14,178.75
2/28/14,179.8
3/3/14,192.6
3/4/14,185.15
3/5/14,200.65
3/6/14,194.8
3/7/14,196.05
3/10/14,202.5
3/11/14,205.05
3/12/14,204.8
3/13/14,205.05
3/14/14,197.85
3/17/14,189.9
3/18/14,190.95
3/19/14,185.1
3/20/14,174.15
3/21/14,171.15
3/24/14,176.4
3/25/14,175.3
3/26/14,176
3/27/14,176.35
3/28/14,180.6
3/31/14,177.9
4/1/14,175.25
4/2/14,172.7
4/3/14,174.6
4/4/14,185
4/7/14,193.35
4/8/14,196.5
4/9/14,199.85
4/10/14,206.1
4/11/14,201.2
4/14/14,204.85
4/15/14,192.15
4/16/14,185.95
4/17/14,201.2
4/21/14,196.7
4/22/14,211.8
4/23/14,212.35
4/24/14,212.45
4/25/14,204.75
4/28/14,198.8
4/29/14,208.9
4/30/14,203.05
5/1/14,201.45
5/2/14,200.6
5/5/14,202.4
5/6/14,199.55
5/7/14,198.4
5/8/14,192.95
5/9/14,180.8
5/12/14,186.1
5/13/14,183.65
5/14/14,180.75
5/15/14,194.15
5/16/14,182.5
5/19/14,180.15
5/20/14,185.7
5/21/14,181.4
5/22/14,181.35
5/23/14,181.9
5/27/14,179.35
5/28/14,176.15
5/29/14,181.95
5/30/14,177.5
6/2/14,172.35
6/3/14,171.15
6/4/14,170.2
6/5/14,169.15
6/6/14,172.1
6/9/14,165.35
6/10/14,165.65
6/11/14,171.6
6/12/14,171.95
6/13/14,173.7
6/16/14,172.95
6/17/14,169.05
6/18/14,166.75
6/19/14,167
6/20/14,173.25
6/23/14,175.1
6/24/14,174.15
6/25/14,179.95
6/26/14,178.8
6/27/14,170.45
6/30/14,173
7/1/14,168.3
7/2/14,171.05
7/3/14,169.4
7/7/14,169
7/8/14,170.2
7/9/14,170.2
7/10/14,160.25
7/11/14,158.95
7/14/14,162.3
7/15/14,159.4
7/16/14,160.35
7/17/14,161.7
7/18/14,170.7
7/21/14,171.65
7/22/14,168.3
7/23/14,176.6
7/24/14,178.3
7/25/14,179.15
7/28/14,181.1
7/29/14,180.7
7/30/14,182.5
7/31/14,195.05
8/1/14,192.35
8/4/14,190.5
8/5/14,189.4
8/6/14,190.85
8/7/14,184
8/8/14,180.85
8/11/14,189.15
8/12/14,184.6
8/13/14,185.25
8/14/14,184.1
8/15/14,188.75
8/18/14,188.9
8/19/14,182.2
8/20/14,184.1
8/21/14,183.75
8/22/14,181.6
8/25/14,182.75
8/26/14,193.1
8/27/14,192.4
8/28/14,194.65
8/29/14,195.75
9/2/14,204.45
9/3/14,197.3
9/4/14,197.45
9/5/14,192.85
9/8/14,189.65
9/9/14,188.1
9/10/14,177
9/11/14,180.55
9/12/14,179.65
9/15/14,177.3
9/16/14,180.6
9/17/14,180.65
9/18/14,175.9
9/19/14,178
9/22/14,179.4
9/23/14,180.9
9/24/14,189.1
9/25/14,182.3
9/26/14,186.05
9/29/14,191.25
9/30/14,193.35
10/1/14,200.4
10/2/14,208.6
10/3/14,206.5
10/6/14,220.8
10/7/14,216.35
10/8/14,214.45
10/9/14,221.65
10/10/14,220.4
10/13/14,218.1
10/14/14,221.9
10/15/14,216
10/16/14,217.1
10/17/14,210.65
10/20/14,199.4
10/21/14,199.6
10/22/14,191.1
10/23/14,193.3
10/24/14,191.5
10/27/14,190.9
10/28/14,192.35
10/29/14,189.6
10/30/14,187.6
10/31/14,188
11/3/14,185.85
11/4/14,188.2
11/5/14,186.25
11/6/14,183.75
11/7/14,182.4
11/10/14,181.4
11/11/14,184.55
11/12/14,184.4
11/13/14,188.75
11/14/14,192
11/17/14,187.5
11/18/14,191.1
11/19/14,197.85
11/20/14,187.7
11/21/14,189.65
11/24/14,189.65
11/25/14,194.25
11/26/14,193.5
11/28/14,186.65
12/1/14,189.35
12/2/14,182.3
12/3/14,182.55
12/4/14,181.55
12/5/14,179.1
12/8/14,177.05
12/9/14,179.45
12/10/14,177.55
12/11/14,175.4
12/12/14,173
12/15/14,177.65
12/16/14,176.7
12/17/14,170.85
12/18/14,173.65
12/19/14,174.7
12/22/14,172.15
12/23/14,171
12/24/14,170.15
12/26/14,168.6
12/29/14,165.15
12/30/14,164.8
12/31/14,166.6
1/2/15,161.05
1/5/15,168.1
1/6/15,174.9
1/7/15,175.05
1/8/15,176.9
1/9/15,180.05
1/12/15,176.75
1/13/15,176.95
1/14/15,179.85
1/15/15,176.65
1/16/15,171
1/20/15,164.3
1/21/15,161.25
1/22/15,159.95
1/23/15,162.45
1/26/15,161.85
1/27/15,168.2
1/28/15,167.7
1/29/15,160
1/30/15,161.9
2/2/15,162.45
2/3/15,160.75
2/4/15,164.9
2/5/15,164.75
2/6/15,166.85
2/9/15,167.6
2/10/15,159.4
2/11/15,159.45
2/12/15,164.55
2/13/15,163.2
2/17/15,155.65
2/18/15,152.8
2/19/15,149.2
2/20/15,148.65
2/23/15,144.45
2/24/15,145.35
2/25/15,139.75
2/26/15,136.55
2/27/15,136.75
3/2/15,135.1
3/3/15,126.25
3/4/15,134.05
3/5/15,131.55
3/6/15,136.5
3/9/15,133.65
3/10/15,131.7
3/11/15,128.4
3/12/15,128.85
3/13/15,126.45
3/16/15,134.9
3/17/15,133.95
3/18/15,136.25
3/19/15,140
3/20/15,143.35
3/23/15,141.85
3/24/15,137.3
3/25/15,139.95
3/26/15,140.25
3/27/15,138.2
3/30/15,132.35
3/31/15,132.9
4/1/15,134.85
4/2/15,140.9
4/6/15,146.2
4/7/15,141.95
4/8/15,135.7
4/9/15,137.45
4/10/15,135.1
4/13/15,133.75
4/14/15,134.6
4/15/15,135.8
4/16/15,139.6
4/17/15,138.7
4/20/15,138.7
4/21/15,140.3
4/22/15,142.4
4/23/15,140.45
4/24/15,141.15
4/27/15,136.1
4/28/15,138.15
4/29/15,138.35
4/30/15,136.55
5/1/15,133.45
5/4/15,131.85
5/5/15,132.55
5/6/15,128.05
5/7/15,130.85
5/8/15,132.9
5/11/15,133.35
5/12/15,134.5
5/13/15,134.4
5/14/15,135.65
5/15/15,137.2
5/18/15,141.65
5/19/15,139.85
5/20/15,136
5/21/15,128.45
5/22/15,126.95
5/26/15,124.05
5/27/15,124.5
5/28/15,125.15
5/29/15,126.15
6/1/15,129.8
6/2/15,132.7
6/3/15,134.3
6/4/15,135.7
6/5/15,135.1
6/8/15,136.55
6/9/15,137.35
6/10/15,136.45
6/11/15,132
6/12/15,132.05
6/15/15,127.8
6/16/15,129.35
6/17/15,126.65
6/18/15,128.7
6/19/15,127.15
6/22/15,130.35
6/23/15,127.7
6/24/15,133.3
6/25/15,133.35
6/26/15,131.7
6/29/15,130.8
6/30/15,130.65
7/1/15,125.1
7/2/15,125.6
7/6/15,123.3
7/7/15,122.9
7/8/15,123.15
7/9/15,122.75
7/10/15,122.95
7/13/15,126.6
7/14/15,129.85
7/15/15,128
7/16/15,127.45
7/17/15,127
7/20/15,125.85
7/21/15,123.85
7/22/15,125.05
7/23/15,121.55
7/24/15,122.25
7/27/15,120.4
7/28/15,120.25
7/29/15,122.15
7/30/15,124.9
7/31/15,125.25
8/3/15,123.95
8/4/15,124.9
8/5/15,125.9
8/6/15,124.25
8/7/15,127.8
8/10/15,133.5
8/11/15,137.2
8/12/15,131.85
8/13/15,137.05
8/14/15,137.5
8/17/15,134.75
8/18/15,135.3
8/19/15,131.15
8/20/15,127.65
8/21/15,121.9
8/24/15,117.5
8/25/15,117.05
8/26/15,118.7
8/27/15,121.05
8/28/15,120.45
8/31/15,120.55
9/1/15,117.05
9/2/15,114.7
9/3/15,116.2
9/4/15,115.85
9/8/15,117.7
9/9/15,117.8
9/10/15,113.05
9/11/15,113.35
9/14/15,117
9/15/15,115.5
9/16/15,113.8
9/17/15,113.5
9/18/15,113.35
9/21/15,117.25
9/22/15,115.45
9/23/15,116.2
9/24/15,118.3
9/25/15,122.7
9/28/15,119.15
9/29/15,120.85
9/30/15,121.35
10/1/15,120.75
10/2/15,124.3
10/5/15,127.55
10/6/15,128.1
10/7/15,126.05
10/8/15,128.45
10/9/15,131.6
10/12/15,134.5
10/13/15,134.35
10/14/15,134.65
10/15/15,133.7
10/16/15,125.85
10/19/15,123.9
10/20/15,124.75
10/21/15,121
10/22/15,119.85
10/23/15,118.45
10/26/15,117.3
10/27/15,117.3
10/28/15,119.1
10/29/15,120.3
10/30/15,120.95
11/2/15,118.8
11/3/15,120.25
11/4/15,120.5
11/5/15,120.9
11/6/15,117.75
11/9/15,117.75
11/10/15,116.3
11/11/15,116.8
11/12/15,115.3
11/13/15,112.15
11/16/15,114.35
11/17/15,114.25
11/18/15,112.75
11/19/15,119.9
11/20/15,121.9
11/23/15,119.95
11/24/15,122.45
11/25/15,122.9
11/27/15,121
11/30/15,116.9
12/1/15,117.15
12/2/15,117.8
12/3/15,122.05
12/4/15,124
12/7/15,122.65
12/8/15,122.25
12/9/15,123.85
12/10/15,122.65
12/11/15,118.1
12/14/15,117.25
12/15/15,115.65
12/16/15,118.1
12/17/15,117.8
12/18/15,118.45
12/21/15,117.5
12/22/15,119.15
12/23/15,120.95
12/24/15,119.7
12/28/15,119.15
12/29/15,121.45
12/30/15,123.65
12/31/15,126.7
1/4/16,123.9
1/5/16,123
1/6/16,119.95
1/7/16,118.45
1/8/16,119
1/11/16,114.45
1/12/16,114.35
1/13/16,114.8
1/14/16,115.9
1/15/16,114.9
1/19/16,115.65
1/20/16,111.6
1/21/16,114.4
1/22/16,116
1/25/16,116.45
1/26/16,116.7
1/27/16,118.2
1/28/16,119.15
1/29/16,116.35
2/1/16,117.75
2/2/16,119.85
2/3/16,121.55
2/4/16,123.2
2/5/16,120.4
2/8/16,115.75
2/9/16,114.75
2/10/16,114.75
2/11/16,113
2/12/16,115.55
2/16/16,114.9
2/17/16,114.55
2/18/16,114.15
2/19/16,115.75
2/22/16,119.85
2/23/16,117.8
2/24/16,115.05
2/25/16,114.65
2/26/16,113
2/29/16,112.65
3/1/16,112.5
3/2/16,113.35
3/3/16,115.6
3/4/16,118.8
3/7/16,118.65
3/8/16,120.2
3/9/16,120.85
3/10/16,120.6
3/11/16,124.4
3/14/16,125.6
3/15/16,124.1
3/16/16,127.4
3/17/16,132
3/18/16,133.85
3/21/16,131.55
3/22/16,134.65
3/23/16,131.1
3/24/16,127.55
3/28/16,128.55
3/29/16,127.45
3/30/16,127
3/31/16,127.45
4/1/16,127.25
4/4/16,122.8
4/5/16,120.9
4/6/16,121.5
4/7/16,119.8
4/8/16,120.45
4/11/16,123.35
4/12/16,124.6
4/13/16,121.75
4/14/16,123.15
4/15/16,122.95
4/18/16,124
4/19/16,125.85
4/20/16,127.15
4/21/16,123.55
4/22/16,122.75
4/25/16,123.1
4/26/16,125.25
4/27/16,121.05
4/28/16,120.4
4/29/16,120.85
5/2/16,119.1
5/3/16,118.6
5/4/16,119.1
5/5/16,120.9
5/6/16,123.45
5/9/16,125.15
5/10/16,126.9
5/11/16,127.9
5/12/16,128.2
5/13/16,128.8
5/16/16,132.7
5/17/16,131.85
5/18/16,129.3
5/19/16,123.95
5/20/16,124.7
5/23/16,122.15
5/24/16,121.8
5/25/16,121.4
5/26/16,121.5
5/27/16,121.3
5/31/16,121.55
6/1/16,121.9
6/2/16,123
6/3/16,127.1
6/6/16,131.7
6/7/16,132.2
6/8/16,139.65
6/9/16,133.95
6/10/16,136.95
6/13/16,137.3
6/14/16,135.1
6/15/16,138.2
6/16/16,139.5
6/17/16,140.75
6/20/16,139.5
6/21/16,138.5
6/22/16,136.95
6/23/16,139.25
6/24/16,134.35
6/27/16,134.5
6/28/16,138.9
6/29/16,142.85
6/30/16,144.1
7/1/16,144.85
7/5/16,144.2
7/6/16,141.95
7/7/16,140.45
7/8/16,142.75
7/11/16,147.95
7/12/16,145.95
7/13/16,146.2
7/14/16,150.3
7/15/16,145.7
7/18/16,147.8
7/19/16,144.65
7/20/16,147
7/21/16,146.85
7/22/16,141.9
7/25/16,141.1
7/26/16,141.6
7/27/16,141.2
7/28/16,142.15
7/29/16,146.2
8/1/16,143.45
8/2/16,141.25
8/3/16,140.4
8/4/16,142.1
8/5/16,142.5
8/8/16,141.1
8/9/16,141.1
8/10/16,138.65
8/11/16,137.7
8/12/16,136.85
8/15/16,136.95
8/16/16,137.4
8/17/16,135.05
8/18/16,138.15
8/19/16,138.8
8/22/16,144.1
8/23/16,145.3
8/24/16,142.15
8/25/16,143.5
8/26/16,143.9
8/29/16,144
8/30/16,144.75
8/31/16,145.9
9/1/16,150.1
9/2/16,150.1
9/5/16,150.1
9/6/16,152.45
9/7/16,153.85
9/8/16,153.7
9/9/16,149.95
9/12/16,149.7
9/13/16,147.35
9/14/16,147.8
9/15/16,147.6
9/16/16,147.1
9/19/16,151.5
9/20/16,155.5
9/21/16,156.55
9/22/16,155.25
9/23/16,151.4
9/26/16,153.55
9/27/16,153.7
9/28/16,153.1
9/29/16,150.15
9/30/16,151.55
10/3/16,147.55
10/4/16,147.45
10/5/16,148.2
10/6/16,146.4
10/7/16,148
10/10/16,152.85
10/11/16,150.8
10/12/16,152.1
10/13/16,152.7
10/14/16,155.4
10/17/16,157.1
10/18/16,158.75
10/19/16,157.85
10/20/16,155.9
10/21/16,156.1
10/24/16,157.9
10/25/16,164.5
10/26/16,163.7
10/27/16,164.8
10/28/16,165.5
10/31/16,164.15
11/1/16,161.45
11/2/16,162.9
11/3/16,165.65
11/4/16,171.35
11/7/16,174.35
11/8/16,167.5
11/9/16,170.1
11/10/16,161.85
11/11/16,159.45
11/14/16,161.8
11/15/16,161.8
11/16/16,161.25
11/17/16,159.3
11/18/16,157.85
11/21/16,158.65
11/22/16,157.25
11/23/16,154.65
11/24/16,154.65
11/25/16,152.3
11/28/16,153
11/29/16,149.9
11/30/16,147.5
12/1/16,141.8
12/2/16,141.2
12/5/16,140.2
12/6/16,137.95
12/7/16,137.9
12/8/16,137.6
12/9/16,135.55
12/12/16,138.05
12/13/16,138.9
12/14/16,140.25
12/15/16,138.3
12/16/16,138.2
12/19/16,141.2
12/20/16,143.85
12/21/16,144.55
12/22/16,139.1
12/23/16,136.15
12/27/16,134.2
12/28/16,133.5
12/29/16,135.45
12/30/16,137.05
1/3/17,137.4
1/4/17,141.8
1/5/17,143.75
1/6/17,142.85
1/9/17,144.2
1/10/17,147.7
1/11/17,149
1/12/17,149.6
1/13/17,149.3
1/16/17,149.3
1/17/17,149.9
1/18/17,149.2
1/19/17,150.75
1/20/17,153.2
1/23/17,155.4
1/24/17,152.35
1/25/17,152.9
1/26/17,151.45
1/27/17,152.4
1/30/17,151.15
1/31/17,149.55
2/1/17,150.15
2/2/17,145.95
2/3/17,146.25
2/6/17,144.2
2/7/17,142.6
2/8/17,142.9
2/9/17,145.2
2/10/17,145.75
2/13/17,144.25
2/14/17,143.65
2/15/17,144.5
2/16/17,146.3
2/17/17,147.8
2/20/17,147.8
2/21/17,150.35
2/22/17,149.2
2/23/17,147.85
2/24/17,144.4
2/27/17,139.1
2/28/17,140.7
3/1/17,142.65
3/2/17,142.2
3/3/17,141.25
3/6/17,139.65
3/7/17,139
3/8/17,140.05
3/9/17,138.75
3/10/17,139.65
3/13/17,140.5
3/14/17,139.6
3/15/17,139.2
3/16/17,139.75
3/17/17,140.8
3/20/17,144
3/21/17,143.5
3/22/17,141.7
3/23/17,140.5
3/24/17,137.6
3/27/17,139.2
3/28/17,138.85
3/29/17,139.3
3/30/17,139.3
3/31/17,139.3
4/3/17,137.85
4/4/17,137.75
4/5/17,137.3
4/6/17,137.75
4/7/17,140.05
4/10/17,139.85
4/11/17,140.2
4/12/17,138.3
4/13/17,138.9
4/17/17,141.1
4/18/17,142.9
4/19/17,138
4/20/17,131.65
4/21/17,129.85
4/24/17,129.5
4/25/17,129.9
4/26/17,128.15
4/27/17,127.1
4/28/17,131.05
5/1/17,133.6
5/2/17,134
5/3/17,135
5/4/17,132.7
5/5/17,133.1
5/8/17,134.55
5/9/17,132.8
5/10/17,134.3
5/11/17,131.9
5/12/17,132.6
5/15/17,131.25
5/16/17,129.25
5/17/17,132.2
5/18/17,127.4
5/19/17,132.1
5/22/17,130.6
5/23/17,130.25
5/24/17,128.55
5/25/17,129.3
5/26/17,131.2
5/29/17,131.2
5/30/17,132.1
5/31/17,129.35
6/1/17,127.7
6/2/17,125.55
6/5/17,128.45
6/6/17,125.55
6/7/17,125.75
6/8/17,126.35
6/9/17,126.55
6/12/17,127.6
6/13/17,126.4
6/14/17,125.55
6/15/17,125.8
6/16/17,123.55
6/19/17,124.2
6/20/17,121.95
6/21/17,119.35
6/22/17,113.45
6/23/17,119.95
6/26/17,121.95
6/27/17,122.75
6/28/17,122.75
6/29/17,124.75
6/30/17,124.05
7/3/17,125.85
7/4/17,125.85
7/5/17,127.65
7/6/17,126.75
7/7/17,126.55
7/10/17,126.25
7/11/17,124.45
7/12/17,126
7/13/17,129.35
7/14/17,131.7
7/17/17,131.55
7/18/17,131.9
7/19/17,131.2
7/20/17,135
7/21/17,136.55
7/24/17,132.55
7/25/17,130.6
7/26/17,134.8
7/27/17,135.95
7/28/17,137.85
7/31/17,139.25
8/1/17,137.85
8/2/17,140.35
8/3/17,140.2
8/4/17,140.15
8/7/17,142.05
8/8/17,142.75
8/9/17,142.65
8/10/17,138.5
8/11/17,140.3
8/14/17,136.95
8/15/17,132
8/16/17,130.95
8/17/17,128.45
8/18/17,128.05
8/21/17,126.4
8/22/17,125.85
8/23/17,126.25
8/24/17,126.7
8/25/17,130.2
8/28/17,129.9
8/29/17,127.3
8/30/17,126.95
8/31/17,128.15
9/1/17,127.75
9/4/17,127.75
9/5/17,126.5
9/6/17,126.6
9/7/17,127.9
9/8/17,129.4
9/11/17,130.6
9/12/17,133.8
9/13/17,136.6
9/14/17,135.85
9/15/17,140
9/18/17,138.95
9/19/17,133.95
9/20/17,136.55
9/21/17,135
9/22/17,134.45
9/25/17,131.55
9/26/17,132.25
9/27/17,129.35
9/28/17,128.5
9/29/17,128.05
10/2/17,127.2
10/3/17,125.45
10/4/17,125.15
10/5/17,127.2
10/6/17,130
10/9/17,130.95
10/10/17,131
10/11/17,126.8
10/12/17,126.35
10/13/17,126.45
10/16/17,123.75
10/17/17,124.15
10/18/17,124.3
10/19/17,126.85
10/20/17,125.25
10/23/17,124.35
10/24/17,123.2
10/25/17,124.1
10/26/17,124.55
10/27/17,126.6
10/30/17,125.9
10/31/17,125.1
11/1/17,122.95
11/2/17,126.4
11/3/17,123.95
11/6/17,125.55
11/7/17,124.7
11/8/17,125.75
11/9/17,126.4
11/10/17,127.55
11/13/17,127.6
11/14/17,127.05
11/15/17,126.75
11/16/17,126.7
11/17/17,123.8
11/20/17,122.9
11/21/17,123.85
11/22/17,124.55
11/23/17,124.55
11/24/17,124.8
11/27/17,125.55
11/28/17,127.45
11/29/17,129.6
11/30/17,126.3
12/1/17,127.55
12/4/17,126.75
12/5/17,125.95
12/6/17,124.85
12/7/17,120.85
12/8/17,120.6
12/11/17,119
12/12/17,117.05
12/13/17,118.95
12/14/17,119.15
12/15/17,116.95
12/18/17,118.55
12/19/17,121.75
12/20/17,123.15
12/21/17,122.25
12/22/17,120.4
12/26/17,122.2
12/27/17,124.5
12/28/17,124.8
12/29/17,126.2
1/2/18,130.2
1/3/18,128.6
1/4/18,129.55
1/5/18,128.45
1/8/18,125.15
1/9/18,125.15
1/10/18,123.95
1/11/18,122.8
1/12/18,122.25
1/15/18,122.25
1/16/18,120.45
1/17/18,123.1
1/18/18,121.1
1/19/18,121.25
1/22/18,122.55
1/23/18,120.95
1/24/18,122.5
1/25/18,123.65
1/26/18,125.15
1/29/18,124.95
1/30/18,122.3
1/31/18,121.85
2/1/18,121.4
2/2/18,120.4
2/5/18,119.8
2/6/18,122.85
2/7/18,123.3
2/8/18,122.85
2/9/18,121.85
2/12/18,121.4
2/13/18,122.75
2/14/18,122.8
2/15/18,121.75
2/16/18,117.95
2/19/18,117.95
2/20/18,118.2
2/21/18,116.95
2/22/18,119.6
2/23/18,119.45
2/26/18,120.5
2/27/18,119.95
2/28/18,121.05
3/1/18,122.45
3/2/18,120.35
3/5/18,119.2
3/6/18,119.95
3/7/18,119.3
3/8/18,119
3/9/18,118.85
3/12/18,118.15
3/13/18,120.45
3/14/18,119.95
3/15/18,117.65
3/16/18,116.95
3/19/18,118.35
3/20/18,118.95
3/21/18,118.85
3/22/18,119
3/23/18,117.2
3/26/18,118.15
3/27/18,118.95
3/28/18,117.75
3/29/18,118.15
4/2/18,116.4
4/3/18,116.6
4/4/18,116.9
4/5/18,117.55
4/6/18,117.45
4/9/18,118.65
4/10/18,117.6
4/11/18,118.15
4/12/18,117.9
4/13/18,117.3
4/16/18,114.25
4/17/18,113.55
4/18/18,114.9
4/19/18,114.25
4/20/18,115.75
4/23/18,117
4/24/18,118.5
4/25/18,116.85
4/26/18,117.6
4/27/18,120.35
4/30/18,120.65
5/1/18,122.6
5/2/18,121.6
5/3/18,122.2
5/4/18,120.45
5/7/18,118.2
5/8/18,116.55
5/9/18,115.5
5/10/18,116.3
5/11/18,115.25
5/14/18,113.65
5/15/18,112.9
5/16/18,113.25
5/17/18,113.85
5/18/18,113.95
5/21/18,120.2
5/22/18,120.85
5/23/18,119.35
5/24/18,120.55
5/25/18,120.4
5/28/18,120.4
5/29/18,120.25
5/30/18,120.3
5/31/18,123.7
6/1/18,122.75
6/4/18,121.5
6/5/18,119.45
6/6/18,118.25
6/7/18,115.7
6/8/18,117.25
6/11/18,117.1
6/12/18,117.35
6/13/18,116.35
6/14/18,115.7
6/15/18,115.2
6/18/18,114.45
6/19/18,114.1
6/20/18,113.65
6/21/18,112.6
6/22/18,113.85
6/25/18,114.15
6/26/18,114.8
6/27/18,114.3
6/28/18,112.15
6/29/18,111.5
7/2/18,107.8
7/3/18,108.35
7/4/18,108.35
7/5/18,106.3
7/6/18,111.25
7/9/18,112.2
7/10/18,111.95
7/11/18,109.2
7/12/18,108.7
7/13/18,107.05
7/16/18,107.45
7/17/18,105.7
7/18/18,104.6
7/19/18,105.25
7/20/18,110.65
7/23/18,111.65
7/24/18,110.95
7/25/18,111
7/26/18,109.55
7/27/18,110.45
7/30/18,111.4
7/31/18,109.9
8/1/18,108.05
8/2/18,106.7
8/3/18,107.75
8/6/18,108.75
8/7/18,109.05
8/8/18,107.85
8/9/18,107.65
8/10/18,107
8/13/18,106.25
8/14/18,105.05
8/15/18,102.4
8/16/18,101.7
8/17/18,101.2
8/20/18,97.25
8/21/18,97.95
8/22/18,96.4
8/23/18,97.2
8/24/18,100.55
8/27/18,101.85
8/28/18,99.25
8/29/18,98.65
8/30/18,98.95
8/31/18,98.1
9/3/18,98.1
9/4/18,97.75
9/5/18,100.1
9/6/18,97.95
9/7/18,98.8
9/10/18,97.5
9/11/18,96.2
9/12/18,97.85
9/13/18,96.4
9/14/18,95.45
9/17/18,93.45
9/18/18,92
9/19/18,96.7
9/20/18,99.75
9/21/18,99.9
9/24/18,98.5
9/25/18,97.1
9/26/18,97.75
9/27/18,99.3
9/28/18,102.45
10/1/18,102.2
10/2/18,107.65
10/3/18,106.6
10/4/18,106.95
10/5/18,108.95
10/8/18,111.85
10/9/18,113.15
10/10/18,111.9
10/11/18,112.9
10/12/18,116.55
10/15/18,119.35
10/16/18,117.65
10/17/18,122.55
10/18/18,122.05
10/19/18,122.1
10/22/18,117.65
10/23/18,121.1
10/24/18,120.25
10/25/18,121.15
10/26/18,119.65
10/29/18,114.25
10/30/18,112.4
10/31/18,112.7
11/1/18,117.8
11/2/18,120.05
11/5/18,117.1
11/6/18,113.25
11/7/18,115.6
11/8/18,116.65
11/9/18,113.85
11/12/18,110.15
11/13/18,109.2
11/14/18,112.65
11/15/18,110.05
11/16/18,112.6
11/19/18,112.35
11/20/18,110.65
11/21/18,110.3
11/22/18,110.3
11/23/18,107.15
11/26/18,107
11/27/18,109.5
11/28/18,110.1
11/29/18,108.5
11/30/18,103.25
12/3/18,103.5
12/4/18,101.9
12/5/18,100.95
12/6/18,100.65
12/7/18,98.8
12/10/18,100.45
12/11/18,97.65
12/12/18,97.75
12/13/18,98.8
12/14/18,96.95
12/17/18,94.7
12/18/18,94.35
12/19/18,100.85
12/20/18,102.5
12/21/18,99.7
12/24/18,102.2
12/26/18,103.9
12/27/18,101.75
12/28/18,100.95
12/31/18,101.85
1/2/19,99.5
1/3/19,102.15
1/4/19,101.6
1/7/19,102.75
1/8/19,105.05
1/9/19,105.3
1/10/19,104.25
1/11/19,103.85
1/14/19,102.75
1/15/19,101.3
1/16/19,102.4
1/17/19,102.4
1/18/19,104.95
1/21/19,104.95
1/22/19,103.35
1/23/19,103.4
1/24/19,105.3
1/25/19,106.8
1/28/19,102.65
1/29/19,102.6
1/30/19,102.1
1/31/19,105.9
2/1/19,103.7
2/4/19,105.6
2/5/19,104.85
2/6/19,105.5
2/7/19,104.3
2/8/19,102.6
2/11/19,100.2
2/12/19,100.45
2/13/19,98.9
2/14/19,97.85
2/15/19,97.95
2/18/19,97.95
2/19/19,97.2
2/20/19,97.55
2/21/19,96.1
2/22/19,96.45
2/25/19,96.4
2/26/19,93.55
2/27/19,95.7
2/28/19,95.2
3/1/19,96.95
3/4/19,94.1
3/5/19,96.45
3/6/19,95.5
3/7/19,93.65
3/8/19,95.3
3/11/19,94
3/12/19,92.8
3/13/19,94.45
3/14/19,93.95
3/15/19,94.6
3/18/19,93.65
3/19/19,93.45
3/20/19,94.75
3/21/19,94.8
3/22/19,93.9
3/25/19,94.25
3/26/19,95.35
3/27/19,93.85
3/28/19,94
3/29/19,94.5